ticker,quarter,TariffMentions,TariffSent_mean,TariffSent_shareNeg,TariffSent_fwd
AAPL,2023Q1,0.0,,,
AAPL,2023Q2,0.0,,,
AAPL,2023Q3,0.0,,,
AAPL,2023Q4,0.0,,,
AAPL,2024Q1,0.0,,,
AAPL,2024Q2,0.0,,,
AAPL,2024Q3,0.0,,,
AAPL,2024Q4,0.0,,,
AAPL,2025Q1,0.0,,,
AAPL,2025Q2,0.0,,,
AAPL,2025Q3,0.0,,,
ABBV,2023Q1,0.0,,,
ABBV,2023Q2,0.0,,,
ABBV,2023Q3,0.0,,,
ABBV,2023Q4,0.0,,,
ABBV,2024Q1,0.0,,,
ABBV,2024Q2,0.0,,,
ABBV,2024Q3,0.0,,,
ABBV,2024Q4,0.0,,,
ABBV,2025Q1,0.0,,,
ABBV,2025Q2,0.0,,,
ABBV,2025Q3,1.0,-1.0,1.0,
ABC,2023Q1,0.0,,,
ABC,2023Q2,0.0,,,
ABC,2023Q3,0.0,,,
ABC,2023Q4,0.0,,,
ABC,2024Q1,0.0,,,
ABC,2024Q2,0.0,,,
ABC,2024Q3,0.0,,,
ABC,2024Q4,0.0,,,
ABC,2025Q1,0.0,,,
ABC,2025Q2,0.0,,,
ABC,2025Q3,0.0,,,
ABT,2023Q1,0.0,,,
ABT,2023Q2,0.0,,,
ABT,2023Q3,0.0,,,
ABT,2023Q4,0.0,,,
ABT,2024Q1,0.0,,,
ABT,2024Q2,0.0,,,
ABT,2024Q3,0.0,,,
ABT,2024Q4,0.0,,,
ABT,2025Q1,0.0,,,
ABT,2025Q2,0.0,,,
ABT,2025Q3,0.0,,,
ACGL,2023Q1,0.0,,,
ACGL,2023Q2,0.0,,,
ACGL,2023Q3,0.0,,,
ACGL,2023Q4,0.0,,,
ACGL,2024Q1,0.0,,,
ACGL,2024Q2,0.0,,,
ACGL,2024Q3,0.0,,,
ACGL,2024Q4,0.0,,,
ACGL,2025Q1,0.0,,,
ACGL,2025Q2,0.0,,,
ACGL,2025Q3,0.0,,,
ACN,2023Q1,0.0,,,
ACN,2023Q2,0.0,,,
ACN,2023Q3,0.0,,,
ACN,2023Q4,0.0,,,
ACN,2024Q1,0.0,,,
ACN,2024Q2,0.0,,,
ACN,2024Q3,0.0,,,
ACN,2024Q4,0.0,,,
ACN,2025Q1,0.0,,,
ACN,2025Q2,0.0,,,
ADBE,2023Q1,0.0,,,
ADBE,2023Q2,0.0,,,
ADBE,2023Q3,2.0,0.0,0.0,0.0
ADBE,2023Q4,0.0,,,
ADBE,2024Q1,0.0,,,
ADBE,2024Q2,0.0,,,
ADBE,2024Q3,0.0,,,
ADBE,2024Q4,0.0,,,
ADBE,2025Q1,0.0,,,
ADBE,2025Q2,0.0,,,
ADBE,2025Q3,0.0,,,
ADI,2023Q1,0.0,,,
ADI,2023Q2,0.0,,,
ADI,2023Q3,0.0,,,
ADI,2023Q4,0.0,,,
ADI,2024Q1,0.0,,,
ADI,2024Q2,0.0,,,
ADI,2024Q3,0.0,,,
ADI,2024Q4,0.0,,,
ADI,2025Q1,0.0,,,
ADI,2025Q2,0.0,,,
ADI,2025Q3,0.0,,,
ADM,2023Q1,0.0,,,
ADM,2023Q2,0.0,,,
ADM,2023Q3,0.0,,,
ADM,2023Q4,0.0,,,
ADM,2024Q1,0.0,,,
ADM,2024Q2,0.0,,,
ADM,2024Q3,0.0,,,
ADM,2024Q4,0.0,,,
ADM,2025Q1,0.0,,,
ADM,2025Q2,0.0,,,
ADM,2025Q3,0.0,,,
ADP,2023Q1,0.0,,,
ADP,2023Q2,0.0,,,
ADP,2023Q3,0.0,,,
ADP,2023Q4,0.0,,,
ADP,2024Q1,0.0,,,
ADP,2024Q2,0.0,,,
ADP,2024Q3,0.0,,,
ADP,2024Q4,0.0,,,
ADP,2025Q1,0.0,,,
ADP,2025Q2,0.0,,,
ADP,2025Q3,0.0,,,
ADSK,2023Q1,1.0,0.0,0.0,
ADSK,2023Q2,1.0,0.0,0.0,
ADSK,2023Q3,1.0,0.0,0.0,
ADSK,2023Q4,1.0,0.0,0.0,
ADSK,2024Q1,1.0,0.0,0.0,
ADSK,2024Q2,1.0,0.0,0.0,
ADSK,2024Q3,1.0,0.0,0.0,
ADSK,2024Q4,1.0,0.0,0.0,
ADSK,2025Q1,1.0,0.0,0.0,
ADSK,2025Q2,1.0,0.0,0.0,
ADSK,2025Q3,1.0,0.0,0.0,
AEE,2023Q1,0.0,,,
AEE,2023Q2,0.0,,,
AEE,2023Q3,0.0,,,
AEE,2023Q4,0.0,,,
AEE,2024Q1,0.0,,,
AEE,2024Q2,0.0,,,
AEE,2024Q3,0.0,,,
AEE,2024Q4,0.0,,,
AEE,2025Q1,0.0,,,
AEE,2025Q2,0.0,,,
AEE,2025Q3,0.0,,,
AEP,2023Q1,0.0,,,
AEP,2023Q2,0.0,,,
AEP,2023Q3,0.0,,,
AEP,2023Q4,0.0,,,
AEP,2024Q1,0.0,,,
AEP,2024Q2,0.0,,,
AEP,2024Q3,0.0,,,
AEP,2024Q4,0.0,,,
AEP,2025Q1,0.0,,,
AEP,2025Q2,0.0,,,
AEP,2025Q3,0.0,,,
AES,2023Q1,1.0,0.0,0.0,0.0
AES,2023Q2,0.0,,,
AES,2023Q3,0.0,,,
AES,2023Q4,0.0,,,
AES,2024Q1,0.0,,,
AES,2024Q2,0.0,,,
AES,2024Q3,0.0,,,
AES,2024Q4,0.0,,,
AES,2025Q1,0.0,,,
AES,2025Q2,0.0,,,
AES,2025Q3,0.0,,,
AFL,2023Q1,0.0,,,
AFL,2023Q2,0.0,,,
AFL,2023Q3,0.0,,,
AFL,2023Q4,0.0,,,
AFL,2024Q1,0.0,,,
AFL,2024Q2,0.0,,,
AFL,2024Q3,0.0,,,
AFL,2024Q4,0.0,,,
AFL,2025Q1,0.0,,,
AFL,2025Q2,0.0,,,
AFL,2025Q3,0.0,,,
AIG,2023Q3,0.0,,,
AIG,2023Q4,0.0,,,
AIG,2024Q1,0.0,,,
AIG,2024Q2,0.0,,,
AIG,2024Q3,0.0,,,
AIG,2024Q4,0.0,,,
AIG,2025Q1,0.0,,,
AIG,2025Q2,0.0,,,
AIG,2025Q3,0.0,,,
AIZ,2023Q1,0.0,,,
AIZ,2023Q2,0.0,,,
AIZ,2023Q3,0.0,,,
AIZ,2023Q4,0.0,,,
AIZ,2024Q1,0.0,,,
AIZ,2024Q2,0.0,,,
AIZ,2024Q3,0.0,,,
AIZ,2024Q4,0.0,,,
AIZ,2025Q1,0.0,,,
AIZ,2025Q2,0.0,,,
AIZ,2025Q3,0.0,,,
AKAM,2023Q1,0.0,,,
AKAM,2023Q2,0.0,,,
AKAM,2023Q3,0.0,,,
AKAM,2023Q4,0.0,,,
AKAM,2024Q1,0.0,,,
AKAM,2024Q2,0.0,,,
AKAM,2024Q3,0.0,,,
AKAM,2024Q4,0.0,,,
AKAM,2025Q1,0.0,,,
AKAM,2025Q2,0.0,,,
AKAM,2025Q3,0.0,,,
ALB,2023Q1,0.0,,,
ALB,2023Q2,0.0,,,
ALB,2023Q3,0.0,,,
ALB,2023Q4,0.0,,,
ALB,2024Q1,0.0,,,
ALB,2024Q2,0.0,,,
ALB,2024Q3,0.0,,,
ALB,2024Q4,0.0,,,
ALB,2025Q1,0.0,,,
ALB,2025Q2,0.0,,,
ALB,2025Q3,0.0,,,
ALGN,2023Q1,0.0,,,
ALGN,2023Q2,0.0,,,
ALGN,2023Q3,0.0,,,
ALGN,2023Q4,0.0,,,
ALGN,2024Q1,0.0,,,
ALGN,2024Q2,0.0,,,
ALGN,2024Q3,0.0,,,
ALGN,2024Q4,0.0,,,
ALGN,2025Q1,0.0,,,
ALGN,2025Q2,0.0,,,
ALGN,2025Q3,0.0,,,
ALL,2023Q1,0.0,,,
ALL,2023Q2,0.0,,,
ALL,2023Q3,0.0,,,
ALL,2023Q4,0.0,,,
ALL,2024Q1,0.0,,,
ALL,2024Q2,0.0,,,
ALL,2024Q3,0.0,,,
ALL,2024Q4,0.0,,,
ALL,2025Q1,0.0,,,
ALL,2025Q2,0.0,,,
ALL,2025Q3,0.0,,,
ALLE,2023Q1,0.0,,,
ALLE,2023Q2,0.0,,,
ALLE,2023Q3,0.0,,,
ALLE,2023Q4,0.0,,,
ALLE,2024Q1,0.0,,,
ALLE,2024Q2,0.0,,,
ALLE,2024Q3,0.0,,,
ALLE,2024Q4,0.0,,,
ALLE,2025Q1,0.0,,,
ALLE,2025Q2,0.0,,,
ALLE,2025Q3,0.0,,,
AMAT,2023Q1,0.0,,,
AMAT,2023Q2,0.0,,,
AMAT,2023Q3,0.0,,,
AMAT,2023Q4,0.0,,,
AMAT,2024Q1,0.0,,,
AMAT,2024Q3,0.0,,,
AMAT,2024Q4,0.0,,,
AMAT,2025Q1,0.0,,,
AMAT,2025Q2,0.0,,,
AMAT,2025Q3,0.0,,,
AMCR,2023Q1,0.0,,,
AMCR,2023Q2,0.0,,,
AMCR,2023Q3,0.0,,,
AMCR,2023Q4,0.0,,,
AMCR,2024Q1,0.0,,,
AMCR,2024Q2,0.0,,,
AMCR,2024Q3,0.0,,,
AMCR,2024Q4,0.0,,,
AMCR,2025Q1,0.0,,,
AMCR,2025Q2,0.0,,,
AMCR,2025Q3,0.0,,,
AMD,2023Q1,0.0,,,
AMD,2023Q2,0.0,,,
AMD,2023Q3,0.0,,,
AMD,2023Q4,0.0,,,
AMD,2024Q1,0.0,,,
AMD,2024Q2,0.0,,,
AMD,2024Q3,0.0,,,
AMD,2024Q4,0.0,,,
AMD,2025Q1,0.0,,,
AMD,2025Q2,0.0,,,
AMD,2025Q3,0.0,,,
AME,2023Q1,0.0,,,
AME,2023Q2,0.0,,,
AME,2023Q3,0.0,,,
AME,2023Q4,0.0,,,
AME,2024Q1,0.0,,,
AME,2024Q2,0.0,,,
AME,2024Q3,0.0,,,
AME,2024Q4,0.0,,,
AME,2025Q1,0.0,,,
AME,2025Q2,0.0,,,
AME,2025Q3,0.0,,,
AMGN,2023Q1,0.0,,,
AMGN,2023Q2,0.0,,,
AMGN,2023Q3,0.0,,,
AMGN,2023Q4,0.0,,,
AMGN,2024Q2,0.0,,,
AMGN,2024Q3,0.0,,,
AMGN,2024Q4,0.0,,,
AMGN,2025Q1,0.0,,,
AMGN,2025Q2,0.0,,,
AMGN,2025Q3,0.0,,,
AMP,2023Q1,0.0,,,
AMP,2023Q2,0.0,,,
AMP,2023Q3,0.0,,,
AMP,2023Q4,0.0,,,
AMP,2024Q1,0.0,,,
AMP,2024Q2,0.0,,,
AMP,2024Q3,0.0,,,
AMP,2024Q4,0.0,,,
AMP,2025Q1,0.0,,,
AMP,2025Q2,0.0,,,
AMP,2025Q3,0.0,,,
AMT,2023Q1,0.0,,,
AMT,2023Q2,0.0,,,
AMT,2023Q3,0.0,,,
AMT,2023Q4,0.0,,,
AMT,2024Q1,0.0,,,
AMT,2024Q2,0.0,,,
AMT,2024Q3,0.0,,,
AMT,2024Q4,0.0,,,
AMT,2025Q1,0.0,,,
AMT,2025Q2,0.0,,,
AMT,2025Q3,0.0,,,
AMZN,2023Q1,0.0,,,
AMZN,2023Q2,0.0,,,
AMZN,2023Q3,0.0,,,
AMZN,2023Q4,0.0,,,
AMZN,2024Q1,0.0,,,
AMZN,2024Q2,0.0,,,
AMZN,2024Q3,0.0,,,
AMZN,2024Q4,0.0,,,
AMZN,2025Q1,0.0,,,
AMZN,2025Q2,0.0,,,
AMZN,2025Q3,0.0,,,
ANET,2023Q1,0.0,,,
ANET,2023Q2,0.0,,,
ANET,2023Q3,0.0,,,
ANET,2023Q4,0.0,,,
ANET,2024Q1,0.0,,,
ANET,2024Q2,0.0,,,
ANET,2024Q3,0.0,,,
ANET,2024Q4,0.0,,,
ANET,2025Q1,0.0,,,
ANET,2025Q2,0.0,,,
ANET,2025Q3,0.0,,,
AON,2023Q1,0.0,,,
AON,2023Q2,0.0,,,
AON,2023Q3,0.0,,,
AON,2023Q4,0.0,,,
AON,2024Q1,0.0,,,
AON,2024Q2,0.0,,,
AON,2024Q3,0.0,,,
AON,2024Q4,0.0,,,
AON,2025Q1,0.0,,,
AON,2025Q2,0.0,,,
AON,2025Q3,0.0,,,
AOS,2023Q1,0.0,,,
AOS,2023Q2,0.0,,,
AOS,2023Q3,0.0,,,
AOS,2023Q4,1.0,-0.7142857142857143,1.0,
AOS,2024Q1,0.0,,,
AOS,2024Q2,0.0,,,
AOS,2024Q3,0.0,,,
AOS,2024Q4,0.0,,,
AOS,2025Q1,0.0,,,
AOS,2025Q2,0.0,,,
AOS,2025Q3,0.0,,,
APD,2023Q1,0.0,,,
APD,2023Q2,0.0,,,
APD,2023Q3,0.0,,,
APD,2023Q4,0.0,,,
APD,2024Q1,0.0,,,
APD,2024Q2,0.0,,,
APD,2024Q3,0.0,,,
APD,2024Q4,0.0,,,
APD,2025Q1,0.0,,,
APD,2025Q2,0.0,,,
APD,2025Q3,0.0,,,
APO,2023Q1,0.0,,,
APO,2023Q2,0.0,,,
APO,2023Q3,0.0,,,
APO,2023Q4,0.0,,,
APO,2024Q1,0.0,,,
APO,2024Q2,0.0,,,
APO,2024Q3,0.0,,,
APO,2024Q4,0.0,,,
APO,2025Q1,0.0,,,
APO,2025Q2,0.0,,,
APO,2025Q3,0.0,,,
APTV,2023Q1,0.0,,,
APTV,2023Q2,0.0,,,
APTV,2023Q3,0.0,,,
APTV,2023Q4,0.0,,,
APTV,2024Q1,0.0,,,
APTV,2024Q2,0.0,,,
APTV,2024Q3,0.0,,,
APTV,2024Q4,0.0,,,
APTV,2025Q1,0.0,,,
APTV,2025Q2,0.0,,,
APTV,2025Q3,0.0,,,
ARE,2023Q1,0.0,,,
ARE,2023Q2,0.0,,,
ARE,2023Q3,0.0,,,
ARE,2023Q4,0.0,,,
ARE,2024Q1,0.0,,,
ARE,2024Q2,0.0,,,
ARE,2024Q3,0.0,,,
ARE,2024Q4,0.0,,,
ARE,2025Q1,0.0,,,
ARE,2025Q2,0.0,,,
ARE,2025Q3,0.0,,,
ATO,2023Q1,0.0,,,
ATO,2023Q2,0.0,,,
ATO,2023Q3,0.0,,,
ATO,2023Q4,0.0,,,
ATO,2024Q1,0.0,,,
ATO,2024Q2,0.0,,,
ATO,2024Q3,0.0,,,
ATO,2024Q4,0.0,,,
ATO,2025Q1,0.0,,,
ATO,2025Q2,0.0,,,
ATO,2025Q3,0.0,,,
AVB,2023Q1,0.0,,,
AVB,2023Q2,0.0,,,
AVB,2023Q3,0.0,,,
AVB,2023Q4,0.0,,,
AVB,2024Q1,0.0,,,
AVB,2024Q2,0.0,,,
AVB,2024Q3,0.0,,,
AVB,2024Q4,0.0,,,
AVB,2025Q1,0.0,,,
AVB,2025Q2,0.0,,,
AVB,2025Q3,0.0,,,
AVGO,2023Q1,0.0,,,
AVGO,2023Q2,0.0,,,
AVGO,2023Q3,0.0,,,
AVGO,2023Q4,0.0,,,
AVGO,2024Q1,0.0,,,
AVGO,2024Q2,0.0,,,
AVGO,2024Q3,0.0,,,
AVGO,2024Q4,0.0,,,
AVGO,2025Q1,0.0,,,
AVGO,2025Q2,0.0,,,
AVGO,2025Q3,0.0,,,
AWK,2023Q1,0.0,,,
AWK,2023Q2,0.0,,,
AWK,2023Q3,0.0,,,
AWK,2024Q1,0.0,,,
AWK,2024Q2,0.0,,,
AWK,2024Q3,0.0,,,
AWK,2025Q1,0.0,,,
AWK,2025Q2,0.0,,,
AWK,2025Q3,0.0,,,
AXON,2024Q4,0.0,,,
AXON,2025Q1,0.0,,,
AXON,2025Q2,0.0,,,
AXON,2025Q3,0.0,,,
AXP,2023Q1,0.0,,,
AXP,2023Q2,0.0,,,
AXP,2023Q3,0.0,,,
AXP,2023Q4,0.0,,,
AXP,2024Q1,0.0,,,
AXP,2024Q2,0.0,,,
AXP,2024Q3,0.0,,,
AXP,2024Q4,1.0,-0.375,1.0,-0.375
AXP,2025Q1,1.0,-0.2857142857142857,1.0,-0.2857142857142857
AXP,2025Q2,1.0,-0.3333333333333333,1.0,-0.3333333333333333
AXP,2025Q3,1.0,-0.3333333333333333,1.0,-0.3333333333333333
BA,2023Q1,0.0,,,
BA,2023Q2,0.0,,,
BA,2023Q3,0.0,,,
BA,2023Q4,0.0,,,
BA,2024Q1,0.0,,,
BA,2024Q2,0.0,,,
BA,2024Q3,0.0,,,
BA,2024Q4,0.0,,,
BA,2025Q1,0.0,,,
BA,2025Q2,0.0,,,
BA,2025Q3,0.0,,,
BAC,2024Q4,1.0,-1.0,1.0,
BAC,2025Q1,1.0,-1.0,1.0,
BAC,2025Q2,1.0,-1.0,1.0,
BAC,2025Q3,1.0,-1.0,1.0,
BAX,2023Q1,0.0,,,
BAX,2023Q2,0.0,,,
BAX,2023Q3,0.0,,,
BAX,2023Q4,0.0,,,
BAX,2024Q1,0.0,,,
BAX,2024Q2,0.0,,,
BAX,2024Q3,0.0,,,
BAX,2024Q4,0.0,,,
BAX,2025Q1,0.0,,,
BAX,2025Q2,0.0,,,
BAX,2025Q3,0.0,,,
BBY,2023Q1,0.0,,,
BBY,2023Q2,0.0,,,
BBY,2023Q3,0.0,,,
BBY,2023Q4,0.0,,,
BBY,2024Q1,0.0,,,
BBY,2024Q2,0.0,,,
BBY,2024Q3,0.0,,,
BBY,2024Q4,0.0,,,
BBY,2025Q1,0.0,,,
BBY,2025Q2,0.0,,,
BBY,2025Q3,0.0,,,
BDX,2023Q1,0.0,,,
BDX,2023Q2,0.0,,,
BDX,2023Q3,0.0,,,
BDX,2023Q4,0.0,,,
BDX,2024Q1,0.0,,,
BDX,2024Q2,0.0,,,
BDX,2024Q3,0.0,,,
BDX,2024Q4,0.0,,,
BDX,2025Q1,0.0,,,
BDX,2025Q2,0.0,,,
BDX,2025Q3,0.0,,,
BEN,2023Q1,0.0,,,
BEN,2023Q2,0.0,,,
BEN,2023Q3,0.0,,,
BEN,2023Q4,0.0,,,
BEN,2024Q1,0.0,,,
BEN,2024Q2,0.0,,,
BEN,2024Q3,0.0,,,
BEN,2024Q4,0.0,,,
BEN,2025Q1,0.0,,,
BEN,2025Q2,0.0,,,
BEN,2025Q3,0.0,,,
BG,2024Q1,0.0,,,
BG,2024Q2,0.0,,,
BG,2024Q3,0.0,,,
BG,2024Q4,0.0,,,
BG,2025Q1,0.0,,,
BG,2025Q2,0.0,,,
BG,2025Q3,0.0,,,
BIIB,2023Q1,0.0,,,
BIIB,2023Q2,0.0,,,
BIIB,2023Q3,0.0,,,
BIIB,2023Q4,0.0,,,
BIIB,2024Q1,0.0,,,
BIIB,2024Q2,0.0,,,
BIIB,2024Q3,0.0,,,
BIIB,2024Q4,0.0,,,
BIIB,2025Q1,0.0,,,
BIIB,2025Q2,0.0,,,
BIIB,2025Q3,0.0,,,
BK,2023Q1,0.0,,,
BK,2023Q2,0.0,,,
BK,2023Q3,0.0,,,
BK,2023Q4,0.0,,,
BK,2024Q1,0.0,,,
BK,2024Q2,0.0,,,
BK,2024Q3,0.0,,,
BK,2024Q4,0.0,,,
BK,2025Q1,0.0,,,
BK,2025Q2,0.0,,,
BK,2025Q3,0.0,,,
BKNG,2023Q1,0.0,,,
BKNG,2023Q2,0.0,,,
BKNG,2023Q3,0.0,,,
BKNG,2023Q4,0.0,,,
BKNG,2024Q1,0.0,,,
BKNG,2024Q2,0.0,,,
BKNG,2024Q3,0.0,,,
BKNG,2024Q4,0.0,,,
BKNG,2025Q1,0.0,,,
BKNG,2025Q2,0.0,,,
BKNG,2025Q3,0.0,,,
BKR,2023Q1,0.0,,,
BKR,2023Q2,0.0,,,
BKR,2023Q3,0.0,,,
BKR,2023Q4,0.0,,,
BKR,2024Q1,0.0,,,
BKR,2024Q2,0.0,,,
BKR,2024Q3,0.0,,,
BKR,2024Q4,0.0,,,
BKR,2025Q1,0.0,,,
BKR,2025Q2,0.0,,,
BKR,2025Q3,0.0,,,
BMY,2023Q1,0.0,,,
BMY,2023Q2,0.0,,,
BMY,2023Q3,0.0,,,
BMY,2023Q4,0.0,,,
BMY,2024Q1,0.0,,,
BMY,2024Q2,0.0,,,
BMY,2024Q3,0.0,,,
BMY,2024Q4,0.0,,,
BMY,2025Q1,0.0,,,
BMY,2025Q2,0.0,,,
BMY,2025Q3,0.0,,,
BR,2023Q1,0.0,,,
BR,2023Q2,0.0,,,
BR,2023Q3,0.0,,,
BR,2023Q4,0.0,,,
BR,2024Q1,0.0,,,
BR,2024Q2,0.0,,,
BR,2024Q3,0.0,,,
BR,2024Q4,0.0,,,
BR,2025Q1,0.0,,,
BR,2025Q2,0.0,,,
BR,2025Q3,0.0,,,
BSX,2023Q1,0.0,,,
BSX,2023Q2,0.0,,,
BSX,2023Q3,0.0,,,
BSX,2023Q4,0.0,,,
BSX,2024Q1,0.0,,,
BSX,2024Q2,0.0,,,
BSX,2024Q3,0.0,,,
BSX,2024Q4,0.0,,,
BSX,2025Q1,0.0,,,
BSX,2025Q2,0.0,,,
BSX,2025Q3,0.0,,,
BXP,2023Q1,0.0,,,
BXP,2023Q2,0.0,,,
BXP,2023Q3,0.0,,,
BXP,2023Q4,0.0,,,
BXP,2024Q1,0.0,,,
BXP,2024Q2,0.0,,,
BXP,2024Q3,0.0,,,
BXP,2024Q4,0.0,,,
BXP,2025Q1,0.0,,,
BXP,2025Q2,0.0,,,
BXP,2025Q3,0.0,,,
CAH,2023Q1,0.0,,,
CAH,2023Q3,0.0,,,
CAH,2023Q4,0.0,,,
CAH,2024Q1,0.0,,,
CAH,2024Q2,0.0,,,
CAH,2024Q3,0.0,,,
CAH,2024Q4,0.0,,,
CAH,2025Q1,0.0,,,
CAH,2025Q2,0.0,,,
CAH,2025Q3,0.0,,,
CARR,2023Q1,0.0,,,
CARR,2023Q2,0.0,,,
CARR,2023Q3,0.0,,,
CARR,2023Q4,0.0,,,
CARR,2024Q1,0.0,,,
CARR,2024Q2,0.0,,,
CARR,2024Q3,0.0,,,
CARR,2024Q4,0.0,,,
CARR,2025Q1,0.0,,,
CARR,2025Q2,0.0,,,
CARR,2025Q3,0.0,,,
CAT,2023Q1,0.0,,,
CAT,2023Q2,0.0,,,
CAT,2023Q3,0.0,,,
CAT,2023Q4,0.0,,,
CAT,2024Q1,0.0,,,
CAT,2024Q2,0.0,,,
CAT,2024Q3,0.0,,,
CAT,2024Q4,0.0,,,
CAT,2025Q1,0.0,,,
CAT,2025Q2,0.0,,,
CAT,2025Q3,0.0,,,
CBOE,2024Q4,0.0,,,
CBOE,2025Q1,0.0,,,
CBOE,2025Q2,0.0,,,
CBOE,2025Q3,0.0,,,
CBRE,2023Q1,0.0,,,
CBRE,2023Q2,0.0,,,
CBRE,2023Q3,0.0,,,
CBRE,2023Q4,0.0,,,
CBRE,2024Q1,0.0,,,
CBRE,2024Q2,0.0,,,
CBRE,2024Q3,0.0,,,
CBRE,2024Q4,0.0,,,
CBRE,2025Q1,0.0,,,
CBRE,2025Q2,0.0,,,
CBRE,2025Q3,0.0,,,
CCI,2023Q1,0.0,,,
CCI,2023Q2,0.0,,,
CCI,2023Q3,0.0,,,
CCI,2023Q4,0.0,,,
CCI,2024Q1,0.0,,,
CCI,2024Q2,0.0,,,
CCI,2024Q3,0.0,,,
CCI,2024Q4,0.0,,,
CCI,2025Q1,0.0,,,
CCI,2025Q2,0.0,,,
CCI,2025Q3,0.0,,,
CCL,2023Q1,0.0,,,
CCL,2023Q2,0.0,,,
CCL,2023Q3,0.0,,,
CCL,2023Q4,0.0,,,
CCL,2024Q1,0.0,,,
CCL,2024Q2,0.0,,,
CCL,2024Q3,0.0,,,
CCL,2024Q4,0.0,,,
CCL,2025Q1,0.0,,,
CCL,2025Q2,0.0,,,
CDNS,2023Q1,0.0,,,
CDNS,2023Q2,0.0,,,
CDNS,2023Q3,0.0,,,
CDNS,2023Q4,0.0,,,
CDNS,2024Q1,0.0,,,
CDNS,2024Q2,0.0,,,
CDNS,2024Q3,0.0,,,
CDNS,2024Q4,0.0,,,
CDNS,2025Q1,0.0,,,
CDNS,2025Q2,0.0,,,
CDNS,2025Q3,0.0,,,
CDW,2023Q1,0.0,,,
CDW,2023Q2,0.0,,,
CDW,2023Q3,0.0,,,
CDW,2023Q4,0.0,,,
CDW,2024Q1,0.0,,,
CDW,2024Q2,0.0,,,
CDW,2024Q3,0.0,,,
CDW,2024Q4,0.0,,,
CDW,2025Q1,0.0,,,
CDW,2025Q2,0.0,,,
CDW,2025Q3,0.0,,,
CEG,2023Q1,0.0,,,
CEG,2023Q2,0.0,,,
CEG,2023Q3,0.0,,,
CEG,2023Q4,0.0,,,
CEG,2024Q1,0.0,,,
CEG,2024Q2,0.0,,,
CEG,2024Q3,0.0,,,
CEG,2024Q4,0.0,,,
CEG,2025Q1,0.0,,,
CEG,2025Q2,0.0,,,
CEG,2025Q3,0.0,,,
CF,2023Q1,0.0,,,
CF,2023Q2,0.0,,,
CF,2023Q3,0.0,,,
CF,2023Q4,0.0,,,
CF,2024Q1,0.0,,,
CF,2024Q2,0.0,,,
CF,2024Q3,0.0,,,
CF,2024Q4,0.0,,,
CF,2025Q1,0.0,,,
CF,2025Q2,0.0,,,
CF,2025Q3,0.0,,,
CFG,2023Q1,0.0,,,
CFG,2023Q2,0.0,,,
CFG,2023Q3,0.0,,,
CFG,2023Q4,0.0,,,
CFG,2024Q1,0.0,,,
CFG,2024Q2,0.0,,,
CFG,2024Q3,0.0,,,
CFG,2024Q4,0.0,,,
CFG,2025Q1,0.0,,,
CFG,2025Q2,0.0,,,
CFG,2025Q3,0.0,,,
CHK,2023Q1,0.0,,,
CHK,2023Q2,0.0,,,
CHK,2023Q3,0.0,,,
CHK,2023Q4,0.0,,,
CHK,2024Q1,0.0,,,
CHK,2024Q2,0.0,,,
CHK,2024Q3,0.0,,,
CHRW,2023Q1,0.0,,,
CHRW,2023Q2,0.0,,,
CHRW,2023Q3,0.0,,,
CHRW,2023Q4,0.0,,,
CHRW,2024Q1,0.0,,,
CHRW,2024Q2,0.0,,,
CHRW,2024Q3,0.0,,,
CHRW,2024Q4,0.0,,,
CHRW,2025Q1,0.0,,,
CHRW,2025Q2,0.0,,,
CHRW,2025Q3,0.0,,,
CHTR,2023Q1,1.0,0.0,0.0,
CHTR,2023Q2,1.0,0.0,0.0,
CHTR,2023Q3,1.0,0.0,0.0,
CHTR,2023Q4,1.0,0.0,0.0,
CHTR,2024Q1,1.0,0.0,0.0,
CHTR,2024Q2,1.0,0.0,0.0,
CHTR,2024Q3,1.0,0.0,0.0,
CHTR,2024Q4,1.0,0.0,0.0,
CHTR,2025Q1,1.0,0.0,0.0,
CHTR,2025Q2,1.0,0.0,0.0,
CHTR,2025Q3,1.0,0.0,0.0,
CINF,2023Q1,0.0,,,
CINF,2023Q2,0.0,,,
CINF,2023Q3,0.0,,,
CINF,2023Q4,0.0,,,
CINF,2024Q1,0.0,,,
CINF,2024Q2,0.0,,,
CINF,2024Q3,0.0,,,
CINF,2024Q4,0.0,,,
CINF,2025Q1,0.0,,,
CINF,2025Q2,0.0,,,
CINF,2025Q3,0.0,,,
CL,2024Q2,0.0,,,
CL,2024Q3,0.0,,,
CL,2025Q1,0.0,,,
CL,2025Q2,0.0,,,
CL,2025Q3,0.0,,,
CLX,2023Q1,0.0,,,
CLX,2023Q2,0.0,,,
CLX,2023Q3,0.0,,,
CLX,2023Q4,0.0,,,
CLX,2024Q1,0.0,,,
CLX,2024Q2,0.0,,,
CLX,2024Q3,0.0,,,
CLX,2024Q4,0.0,,,
CLX,2025Q1,0.0,,,
CLX,2025Q2,0.0,,,
CLX,2025Q3,0.0,,,
CMCSA,2023Q1,0.0,,,
CMCSA,2023Q2,0.0,,,
CMCSA,2023Q3,0.0,,,
CMCSA,2023Q4,0.0,,,
CMCSA,2024Q1,0.0,,,
CMCSA,2024Q2,0.0,,,
CMCSA,2024Q3,0.0,,,
CMCSA,2024Q4,0.0,,,
CMCSA,2025Q1,0.0,,,
CMCSA,2025Q2,0.0,,,
CMCSA,2025Q3,0.0,,,
CME,2023Q1,0.0,,,
CME,2023Q2,0.0,,,
CME,2023Q3,0.0,,,
CME,2023Q4,0.0,,,
CME,2024Q1,0.0,,,
CME,2024Q2,0.0,,,
CME,2024Q3,0.0,,,
CME,2024Q4,0.0,,,
CME,2025Q1,0.0,,,
CME,2025Q2,0.0,,,
CME,2025Q3,0.0,,,
CMG,2023Q1,0.0,,,
CMG,2023Q2,0.0,,,
CMG,2023Q3,0.0,,,
CMG,2023Q4,0.0,,,
CMG,2024Q1,0.0,,,
CMG,2024Q2,0.0,,,
CMG,2024Q3,0.0,,,
CMG,2024Q4,0.0,,,
CMG,2025Q1,0.0,,,
CMG,2025Q2,0.0,,,
CMG,2025Q3,0.0,,,
CMI,2023Q1,0.0,,,
CMI,2023Q2,0.0,,,
CMI,2023Q3,0.0,,,
CMI,2023Q4,0.0,,,
CMI,2024Q1,0.0,,,
CMI,2024Q2,0.0,,,
CMI,2024Q3,0.0,,,
CMI,2024Q4,0.0,,,
CMI,2025Q1,0.0,,,
CMI,2025Q2,0.0,,,
CMI,2025Q3,0.0,,,
CNC,2023Q1,0.0,,,
CNC,2023Q2,0.0,,,
CNC,2023Q3,0.0,,,
CNC,2023Q4,0.0,,,
CNC,2024Q1,0.0,,,
CNC,2024Q2,0.0,,,
CNC,2024Q3,0.0,,,
CNC,2024Q4,0.0,,,
CNC,2025Q1,0.0,,,
CNC,2025Q2,0.0,,,
CNC,2025Q3,0.0,,,
CNP,2023Q1,0.0,,,
CNP,2023Q2,0.0,,,
CNP,2023Q3,0.0,,,
CNP,2023Q4,0.0,,,
CNP,2024Q1,0.0,,,
CNP,2024Q2,0.0,,,
CNP,2024Q3,0.0,,,
CNP,2024Q4,0.0,,,
CNP,2025Q1,0.0,,,
CNP,2025Q2,0.0,,,
CNP,2025Q3,0.0,,,
COF,2023Q1,0.0,,,
COF,2023Q2,0.0,,,
COF,2023Q3,0.0,,,
COF,2023Q4,0.0,,,
COF,2024Q1,0.0,,,
COF,2024Q2,0.0,,,
COF,2024Q3,0.0,,,
COF,2024Q4,0.0,,,
COF,2025Q1,0.0,,,
COF,2025Q2,0.0,,,
COF,2025Q3,0.0,,,
COG,2023Q1,0.0,,,
COG,2023Q2,0.0,,,
COG,2023Q3,0.0,,,
COG,2024Q1,0.0,,,
COG,2025Q1,0.0,,,
COIN,2023Q1,0.0,,,
COIN,2023Q2,0.0,,,
COIN,2023Q3,0.0,,,
COIN,2023Q4,0.0,,,
COIN,2024Q1,0.0,,,
COIN,2024Q2,0.0,,,
COIN,2024Q3,0.0,,,
COIN,2024Q4,0.0,,,
COIN,2025Q1,0.0,,,
COIN,2025Q2,0.0,,,
COIN,2025Q3,0.0,,,
COO,2023Q1,0.0,,,
COO,2023Q2,0.0,,,
COO,2023Q3,0.0,,,
COO,2023Q4,0.0,,,
COO,2024Q1,0.0,,,
COO,2024Q2,0.0,,,
COO,2024Q3,0.0,,,
COO,2024Q4,0.0,,,
COO,2025Q1,0.0,,,
COO,2025Q2,0.0,,,
COO,2025Q3,0.0,,,
COP,2023Q4,0.0,,,
COP,2024Q1,0.0,,,
COP,2024Q2,0.0,,,
COP,2024Q3,0.0,,,
COP,2024Q4,0.0,,,
COP,2025Q1,0.0,,,
COP,2025Q2,0.0,,,
COP,2025Q3,0.0,,,
COST,2023Q1,0.0,,,
COST,2023Q2,0.0,,,
COST,2023Q3,0.0,,,
COST,2023Q4,0.0,,,
COST,2024Q1,0.0,,,
COST,2024Q2,0.0,,,
COST,2024Q3,0.0,,,
COST,2024Q4,0.0,,,
COST,2025Q1,0.0,,,
COST,2025Q2,0.0,,,
CPB,2023Q1,0.0,,,
CPB,2023Q2,0.0,,,
CPB,2023Q3,0.0,,,
CPB,2023Q4,0.0,,,
CPB,2024Q1,0.0,,,
CPB,2024Q2,0.0,,,
CPB,2024Q3,0.0,,,
CPB,2024Q4,0.0,,,
CPB,2025Q1,0.0,,,
CPB,2025Q2,0.0,,,
CPB,2025Q3,0.0,,,
CPRT,2023Q1,0.0,,,
CPRT,2023Q2,0.0,,,
CPRT,2023Q3,0.0,,,
CPRT,2023Q4,0.0,,,
CPRT,2024Q1,0.0,,,
CPRT,2024Q2,0.0,,,
CPRT,2024Q3,0.0,,,
CPRT,2024Q4,0.0,,,
CPRT,2025Q1,0.0,,,
CPRT,2025Q2,0.0,,,
CPRT,2025Q3,0.0,,,
CPT,2023Q1,0.0,,,
CPT,2023Q2,0.0,,,
CPT,2023Q3,0.0,,,
CPT,2023Q4,0.0,,,
CPT,2024Q1,0.0,,,
CPT,2024Q2,0.0,,,
CPT,2024Q3,0.0,,,
CPT,2024Q4,0.0,,,
CPT,2025Q1,0.0,,,
CPT,2025Q2,0.0,,,
CPT,2025Q3,0.0,,,
CRL,2024Q2,0.0,,,
CRL,2024Q3,0.0,,,
CRL,2024Q4,0.0,,,
CRL,2025Q1,0.0,,,
CRL,2025Q2,0.0,,,
CRL,2025Q3,0.0,,,
CRM,2023Q2,0.0,,,
CRM,2023Q3,0.0,,,
CRM,2023Q4,0.0,,,
CRM,2024Q1,0.0,,,
CRM,2024Q2,0.0,,,
CRM,2024Q3,1.0,0.0,0.0,
CRM,2024Q4,0.0,,,
CRM,2025Q1,0.0,,,
CRM,2025Q2,0.0,,,
CRM,2025Q3,0.0,,,
CRWD,2023Q1,0.0,,,
CRWD,2023Q2,0.0,,,
CRWD,2023Q3,0.0,,,
CRWD,2023Q4,0.0,,,
CRWD,2024Q1,0.0,,,
CRWD,2024Q2,0.0,,,
CRWD,2024Q3,0.0,,,
CRWD,2024Q4,0.0,,,
CRWD,2025Q1,0.0,,,
CRWD,2025Q2,0.0,,,
CRWD,2025Q3,0.0,,,
CSGP,2023Q1,0.0,,,
CSGP,2023Q2,0.0,,,
CSGP,2023Q3,0.0,,,
CSGP,2024Q4,1.0,-1.0,1.0,
CSGP,2025Q1,1.0,-1.0,1.0,
CSGP,2025Q2,0.0,,,
CSGP,2025Q3,0.0,,,
CSX,2023Q1,0.0,,,
CSX,2023Q2,0.0,,,
CSX,2023Q3,0.0,,,
CSX,2023Q4,0.0,,,
CSX,2024Q1,0.0,,,
CSX,2024Q2,0.0,,,
CSX,2024Q3,0.0,,,
CSX,2024Q4,0.0,,,
CSX,2025Q1,0.0,,,
CSX,2025Q2,0.0,,,
CSX,2025Q3,0.0,,,
CTAS,2023Q1,0.0,,,
CTAS,2023Q3,0.0,,,
CTAS,2023Q4,0.0,,,
CTAS,2024Q1,0.0,,,
CTAS,2024Q3,0.0,,,
CTAS,2024Q4,0.0,,,
CTAS,2025Q1,0.0,,,
CTAS,2025Q3,0.0,,,
CTRA,2023Q4,0.0,,,
CTRA,2024Q2,0.0,,,
CTRA,2024Q3,0.0,,,
CTRA,2024Q4,0.0,,,
CTRA,2025Q2,0.0,,,
CTRA,2025Q3,0.0,,,
CTSH,2023Q1,0.0,,,
CTSH,2023Q2,0.0,,,
CTSH,2023Q3,0.0,,,
CTSH,2023Q4,0.0,,,
CTSH,2024Q1,0.0,,,
CTSH,2024Q2,0.0,,,
CTSH,2024Q3,0.0,,,
CTSH,2024Q4,0.0,,,
CTSH,2025Q1,0.0,,,
CTSH,2025Q2,0.0,,,
CTSH,2025Q3,0.0,,,
CTVA,2023Q1,0.0,,,
CTVA,2023Q2,0.0,,,
CTVA,2023Q3,0.0,,,
CTVA,2023Q4,0.0,,,
CTVA,2024Q1,0.0,,,
CTVA,2024Q2,0.0,,,
CTVA,2024Q3,0.0,,,
CTVA,2024Q4,0.0,,,
CTVA,2025Q1,0.0,,,
CTVA,2025Q2,0.0,,,
CTVA,2025Q3,0.0,,,
CVS,2023Q1,1.0,0.0,0.0,
CVS,2023Q2,0.0,,,
CVS,2023Q3,0.0,,,
CVS,2023Q4,0.0,,,
CVS,2024Q1,0.0,,,
CVS,2024Q2,0.0,,,
CVS,2024Q3,0.0,,,
CVS,2024Q4,0.0,,,
CVS,2025Q1,0.0,,,
CVS,2025Q2,0.0,,,
CVS,2025Q3,0.0,,,
CVX,2023Q1,0.0,,,
CVX,2023Q2,0.0,,,
CVX,2023Q3,0.0,,,
CVX,2023Q4,0.0,,,
CVX,2024Q1,1.0,-0.3333333333333333,1.0,-0.3333333333333333
CVX,2024Q2,0.0,,,
CVX,2024Q3,0.0,,,
CVX,2024Q4,0.0,,,
CVX,2025Q1,0.0,,,
CVX,2025Q2,0.0,,,
CVX,2025Q3,0.0,,,
CZR,2023Q1,0.0,,,
CZR,2023Q2,0.0,,,
CZR,2023Q3,0.0,,,
CZR,2023Q4,0.0,,,
CZR,2024Q1,0.0,,,
CZR,2024Q2,0.0,,,
CZR,2024Q3,0.0,,,
CZR,2024Q4,0.0,,,
CZR,2025Q1,0.0,,,
CZR,2025Q2,0.0,,,
CZR,2025Q3,0.0,,,
DASH,2023Q1,0.0,,,
DASH,2023Q2,0.0,,,
DASH,2023Q3,0.0,,,
DASH,2023Q4,0.0,,,
DASH,2024Q1,0.0,,,
DASH,2024Q2,0.0,,,
DASH,2024Q3,0.0,,,
DASH,2024Q4,0.0,,,
DASH,2025Q1,0.0,,,
DASH,2025Q2,0.0,,,
DASH,2025Q3,0.0,,,
DD,2023Q1,0.0,,,
DD,2023Q2,0.0,,,
DD,2023Q3,0.0,,,
DD,2023Q4,0.0,,,
DD,2024Q1,0.0,,,
DD,2024Q2,0.0,,,
DD,2024Q3,0.0,,,
DD,2024Q4,0.0,,,
DD,2025Q1,0.0,,,
DD,2025Q2,0.0,,,
DD,2025Q3,0.0,,,
DDOG,2023Q1,0.0,,,
DDOG,2023Q2,0.0,,,
DDOG,2023Q3,0.0,,,
DDOG,2023Q4,0.0,,,
DDOG,2024Q1,0.0,,,
DDOG,2024Q2,0.0,,,
DDOG,2024Q3,0.0,,,
DDOG,2024Q4,0.0,,,
DDOG,2025Q1,0.0,,,
DDOG,2025Q2,0.0,,,
DDOG,2025Q3,0.0,,,
DECK,2023Q1,0.0,,,
DECK,2023Q2,0.0,,,
DECK,2023Q3,0.0,,,
DECK,2023Q4,0.0,,,
DECK,2024Q1,0.0,,,
DECK,2024Q2,0.0,,,
DECK,2024Q3,0.0,,,
DECK,2024Q4,0.0,,,
DECK,2025Q1,0.0,,,
DECK,2025Q2,0.0,,,
DECK,2025Q3,0.0,,,
DELL,2023Q1,0.0,,,
DELL,2023Q2,0.0,,,
DELL,2023Q3,0.0,,,
DELL,2023Q4,0.0,,,
DELL,2024Q1,0.0,,,
DELL,2024Q2,0.0,,,
DELL,2024Q3,0.0,,,
DELL,2024Q4,0.0,,,
DELL,2025Q1,0.0,,,
DELL,2025Q2,0.0,,,
DELL,2025Q3,0.0,,,
DGX,2023Q1,0.0,,,
DGX,2023Q2,0.0,,,
DGX,2023Q3,0.0,,,
DGX,2023Q4,0.0,,,
DGX,2024Q1,0.0,,,
DGX,2024Q2,0.0,,,
DGX,2024Q3,0.0,,,
DGX,2024Q4,0.0,,,
DGX,2025Q1,0.0,,,
DGX,2025Q2,0.0,,,
DGX,2025Q3,0.0,,,
DHI,2023Q1,0.0,,,
DHI,2023Q2,0.0,,,
DHI,2023Q3,0.0,,,
DHI,2023Q4,0.0,,,
DHI,2024Q1,0.0,,,
DHI,2024Q2,0.0,,,
DHI,2024Q3,0.0,,,
DHI,2024Q4,0.0,,,
DHI,2025Q1,0.0,,,
DHI,2025Q2,0.0,,,
DHI,2025Q3,0.0,,,
DHR,2023Q1,0.0,,,
DHR,2023Q2,0.0,,,
DHR,2023Q3,0.0,,,
DHR,2023Q4,0.0,,,
DHR,2024Q1,0.0,,,
DHR,2024Q2,0.0,,,
DHR,2024Q3,0.0,,,
DHR,2024Q4,0.0,,,
DHR,2025Q1,0.0,,,
DHR,2025Q2,0.0,,,
DHR,2025Q3,0.0,,,
DIS,2023Q1,0.0,,,
DIS,2023Q2,0.0,,,
DIS,2023Q3,0.0,,,
DIS,2023Q4,0.0,,,
DIS,2024Q1,0.0,,,
DIS,2024Q2,0.0,,,
DIS,2024Q3,0.0,,,
DIS,2024Q4,0.0,,,
DIS,2025Q1,0.0,,,
DIS,2025Q2,0.0,,,
DIS,2025Q3,0.0,,,
DISCA,2023Q1,0.0,,,
DISCA,2023Q2,0.0,,,
DISCA,2023Q3,0.0,,,
DISCA,2023Q4,0.0,,,
DISCA,2024Q1,0.0,,,
DISCA,2024Q2,0.0,,,
DISCA,2024Q3,0.0,,,
DISCA,2024Q4,0.0,,,
DISCA,2025Q1,0.0,,,
DISCA,2025Q2,0.0,,,
DISCA,2025Q3,0.0,,,
DLTR,2023Q1,0.0,,,
DLTR,2023Q2,0.0,,,
DLTR,2023Q3,0.0,,,
DLTR,2023Q4,0.0,,,
DLTR,2024Q1,0.0,,,
DLTR,2024Q2,0.0,,,
DLTR,2024Q3,0.0,,,
DLTR,2024Q4,0.0,,,
DLTR,2025Q1,0.0,,,
DLTR,2025Q2,0.0,,,
DLTR,2025Q3,0.0,,,
DOV,2023Q1,0.0,,,
DOV,2023Q2,0.0,,,
DOV,2023Q3,0.0,,,
DOV,2023Q4,0.0,,,
DOV,2024Q1,0.0,,,
DOV,2024Q2,0.0,,,
DOV,2024Q3,0.0,,,
DOV,2024Q4,0.0,,,
DOV,2025Q1,0.0,,,
DOV,2025Q2,0.0,,,
DOV,2025Q3,0.0,,,
DOW,2023Q1,0.0,,,
DOW,2023Q2,0.0,,,
DOW,2023Q3,0.0,,,
DOW,2023Q4,0.0,,,
DOW,2024Q1,0.0,,,
DOW,2024Q2,0.0,,,
DOW,2024Q3,0.0,,,
DOW,2024Q4,0.0,,,
DOW,2025Q1,0.0,,,
DOW,2025Q2,0.0,,,
DOW,2025Q3,0.0,,,
DRI,2023Q1,0.0,,,
DRI,2023Q2,0.0,,,
DRI,2023Q3,0.0,,,
DRI,2023Q4,0.0,,,
DRI,2024Q1,0.0,,,
DRI,2024Q2,0.0,,,
DRI,2024Q3,0.0,,,
DRI,2024Q4,0.0,,,
DRI,2025Q1,0.0,,,
DRI,2025Q2,0.0,,,
DRI,2025Q3,0.0,,,
DTE,2023Q1,0.0,,,
DTE,2023Q2,0.0,,,
DTE,2023Q3,0.0,,,
DTE,2023Q4,0.0,,,
DTE,2024Q1,0.0,,,
DTE,2024Q2,0.0,,,
DTE,2024Q3,0.0,,,
DTE,2024Q4,0.0,,,
DTE,2025Q1,0.0,,,
DTE,2025Q2,0.0,,,
DTE,2025Q3,0.0,,,
DUK,2023Q1,0.0,,,
DUK,2023Q2,0.0,,,
DUK,2023Q3,0.0,,,
DUK,2023Q4,0.0,,,
DUK,2024Q1,0.0,,,
DUK,2024Q2,0.0,,,
DUK,2024Q3,0.0,,,
DUK,2024Q4,0.0,,,
DUK,2025Q1,0.0,,,
DUK,2025Q2,0.0,,,
DUK,2025Q3,0.0,,,
DVA,2023Q1,0.0,,,
DVA,2023Q2,0.0,,,
DVA,2023Q3,0.0,,,
DVA,2023Q4,0.0,,,
DVA,2024Q1,0.0,,,
DVA,2024Q2,0.0,,,
DVA,2024Q3,0.0,,,
DVA,2024Q4,0.0,,,
DVA,2025Q1,0.0,,,
DVA,2025Q2,0.0,,,
DVA,2025Q3,0.0,,,
DXCM,2023Q1,0.0,,,
DXCM,2023Q2,0.0,,,
DXCM,2023Q3,0.0,,,
DXCM,2023Q4,0.0,,,
DXCM,2024Q1,0.0,,,
DXCM,2024Q2,0.0,,,
DXCM,2024Q3,0.0,,,
DXCM,2024Q4,0.0,,,
DXCM,2025Q1,0.0,,,
DXCM,2025Q2,0.0,,,
DXCM,2025Q3,0.0,,,
EA,2023Q1,0.0,,,
EA,2023Q2,0.0,,,
EA,2023Q3,0.0,,,
EA,2023Q4,0.0,,,
EA,2024Q1,0.0,,,
EA,2024Q2,0.0,,,
EA,2024Q3,0.0,,,
EA,2024Q4,0.0,,,
EA,2025Q1,0.0,,,
EA,2025Q2,0.0,,,
EA,2025Q3,0.0,,,
EBAY,2023Q1,0.0,,,
EBAY,2023Q2,0.0,,,
EBAY,2023Q3,0.0,,,
EBAY,2023Q4,0.0,,,
EBAY,2024Q1,0.0,,,
EBAY,2024Q2,0.0,,,
EBAY,2024Q3,0.0,,,
EBAY,2024Q4,0.0,,,
EBAY,2025Q1,0.0,,,
EBAY,2025Q2,0.0,,,
EBAY,2025Q3,0.0,,,
ED,2023Q1,0.0,,,
ED,2023Q2,0.0,,,
ED,2023Q3,0.0,,,
ED,2023Q4,0.0,,,
ED,2024Q1,0.0,,,
ED,2024Q2,0.0,,,
ED,2024Q3,0.0,,,
ED,2024Q4,0.0,,,
ED,2025Q1,0.0,,,
ED,2025Q2,0.0,,,
ED,2025Q3,0.0,,,
EFX,2023Q1,0.0,,,
EFX,2023Q2,0.0,,,
EFX,2023Q3,0.0,,,
EFX,2023Q4,0.0,,,
EFX,2024Q1,0.0,,,
EFX,2024Q2,0.0,,,
EFX,2024Q3,0.0,,,
EFX,2024Q4,0.0,,,
EFX,2025Q1,0.0,,,
EFX,2025Q2,0.0,,,
EFX,2025Q3,0.0,,,
EIX,2025Q1,0.0,,,
EIX,2025Q2,0.0,,,
EIX,2025Q3,0.0,,,
EL,2023Q1,0.0,,,
EL,2023Q2,0.0,,,
EL,2023Q3,0.0,,,
EL,2023Q4,0.0,,,
EL,2024Q1,0.0,,,
EL,2024Q2,0.0,,,
EL,2024Q3,0.0,,,
EL,2024Q4,0.0,,,
EL,2025Q1,0.0,,,
EL,2025Q2,0.0,,,
EL,2025Q3,0.0,,,
ELV,2024Q3,0.0,,,
ELV,2024Q4,0.0,,,
ELV,2025Q1,0.0,,,
ELV,2025Q2,0.0,,,
ELV,2025Q3,0.0,,,
EMN,2023Q1,0.0,,,
EMN,2023Q2,0.0,,,
EMN,2023Q3,0.0,,,
EMN,2023Q4,0.0,,,
EMN,2024Q1,0.0,,,
EMN,2024Q2,0.0,,,
EMN,2024Q3,0.0,,,
EMN,2024Q4,0.0,,,
EMN,2025Q1,0.0,,,
EMN,2025Q2,0.0,,,
EMN,2025Q3,0.0,,,
EMR,2023Q1,1.0,-0.5,1.0,
EMR,2023Q2,1.0,-0.5,1.0,
EMR,2023Q3,1.0,-0.5,1.0,
EMR,2023Q4,1.0,-1.0,1.0,
EMR,2024Q1,1.0,-1.0,1.0,
EMR,2024Q2,1.0,-1.0,1.0,
EMR,2024Q3,1.0,-1.0,1.0,
EMR,2025Q1,1.0,-1.0,1.0,
EMR,2025Q2,1.0,-1.0,1.0,
EMR,2025Q3,1.0,-1.0,1.0,
ENPH,2023Q1,0.0,,,
ENPH,2023Q2,0.0,,,
ENPH,2023Q3,0.0,,,
ENPH,2023Q4,0.0,,,
ENPH,2024Q1,0.0,,,
ENPH,2024Q2,0.0,,,
ENPH,2024Q3,0.0,,,
ENPH,2024Q4,0.0,,,
ENPH,2025Q1,0.0,,,
ENPH,2025Q2,0.0,,,
ENPH,2025Q3,0.0,,,
EOG,2023Q1,0.0,,,
EOG,2023Q2,0.0,,,
EOG,2023Q3,0.0,,,
EOG,2023Q4,0.0,,,
EOG,2024Q1,0.0,,,
EOG,2024Q2,0.0,,,
EOG,2024Q3,0.0,,,
EOG,2024Q4,0.0,,,
EOG,2025Q1,0.0,,,
EOG,2025Q2,1.0,0.0,0.0,
EOG,2025Q3,1.0,0.0,0.0,
EPAM,2023Q1,0.0,,,
EPAM,2023Q2,0.0,,,
EPAM,2023Q3,0.0,,,
EPAM,2023Q4,0.0,,,
EPAM,2024Q1,0.0,,,
EPAM,2024Q2,0.0,,,
EPAM,2024Q3,0.0,,,
EPAM,2024Q4,0.0,,,
EPAM,2025Q1,0.0,,,
EPAM,2025Q2,0.0,,,
EPAM,2025Q3,0.0,,,
EQIX,2024Q1,0.0,,,
EQIX,2024Q2,0.0,,,
EQIX,2024Q3,0.0,,,
EQIX,2024Q4,0.0,,,
EQIX,2025Q1,0.0,,,
EQIX,2025Q2,0.0,,,
EQIX,2025Q3,0.0,,,
EQT,2023Q1,0.0,,,
EQT,2023Q2,0.0,,,
EQT,2023Q3,0.0,,,
EQT,2023Q4,0.0,,,
EQT,2024Q1,0.0,,,
EQT,2024Q2,0.0,,,
EQT,2024Q3,0.0,,,
EQT,2024Q4,0.0,,,
EQT,2025Q1,0.0,,,
EQT,2025Q2,0.0,,,
EQT,2025Q3,0.0,,,
ERIE,2023Q1,0.0,,,
ERIE,2023Q2,0.0,,,
ERIE,2023Q3,0.0,,,
ERIE,2023Q4,0.0,,,
ERIE,2024Q1,0.0,,,
ERIE,2024Q2,0.0,,,
ERIE,2024Q3,0.0,,,
ERIE,2024Q4,0.0,,,
ERIE,2025Q1,0.0,,,
ERIE,2025Q2,0.0,,,
ERIE,2025Q3,0.0,,,
ETN,2024Q2,0.0,,,
ETN,2024Q3,0.0,,,
ETN,2024Q4,0.0,,,
ETN,2025Q1,0.0,,,
ETN,2025Q2,0.0,,,
ETN,2025Q3,0.0,,,
ETR,2023Q1,0.0,,,
ETR,2023Q2,0.0,,,
ETR,2023Q3,0.0,,,
ETR,2023Q4,0.0,,,
ETR,2024Q1,0.0,,,
ETR,2024Q2,0.0,,,
ETR,2024Q3,0.0,,,
ETR,2024Q4,0.0,,,
ETR,2025Q1,0.0,,,
ETR,2025Q2,0.0,,,
ETR,2025Q3,0.0,,,
EW,2023Q1,0.0,,,
EW,2023Q2,0.0,,,
EW,2023Q3,0.0,,,
EW,2023Q4,0.0,,,
EW,2024Q1,0.0,,,
EW,2024Q2,0.0,,,
EW,2024Q3,0.0,,,
EW,2024Q4,0.0,,,
EW,2025Q1,0.0,,,
EW,2025Q2,0.0,,,
EW,2025Q3,0.0,,,
EX,2022Q4,0.0,,,
EX,2023Q1,1.0,-0.7,1.0,
EX,2023Q2,8.0,-0.3209661835748792,0.5,-0.26
EX,2023Q3,22.0,-0.42591672417759374,0.5,-0.26
EX,2023Q4,23.0,-0.2133711009487407,0.27692307692307694,-0.16666666666666666
EX,2024Q1,21.0,-0.34270129456464865,0.40384615384615385,0.0
EX,2024Q2,17.0,-0.36627658056229484,0.4090909090909091,0.0
EX,2024Q3,18.0,-0.3782149223325694,0.4242424242424242,0.0
EX,2024Q4,34.0,-0.3231497716623575,0.42105263157894735,-0.21354628808044956
EX,2025Q1,70.0,-0.41332570017973747,0.5847619047619047,0.01353260869565219
EX,2025Q2,94.0,-0.4021731218822052,0.5821138211382114,-0.23438224637681157
EX,2025Q3,51.0,-0.46011432581200024,0.6190476190476191,-0.30796726959517656
EX,2025Q4,0.0,,,
EX,NaT,2557.0,-0.3589267723868008,0.5634506418432398,-0.29283171783730727
EXC,2023Q1,0.0,,,
EXC,2023Q2,0.0,,,
EXC,2023Q3,0.0,,,
EXC,2023Q4,0.0,,,
EXC,2024Q1,0.0,,,
EXC,2024Q2,0.0,,,
EXC,2024Q3,0.0,,,
EXC,2024Q4,0.0,,,
EXC,2025Q1,0.0,,,
EXC,2025Q2,1.0,-0.9047619047619048,1.0,
EXC,2025Q3,1.0,-0.9047619047619048,1.0,
EXE,2024Q4,0.0,,,
EXE,2025Q1,0.0,,,
EXE,2025Q2,0.0,,,
EXE,2025Q3,0.0,,,
EXPE,2023Q1,0.0,,,
EXPE,2023Q2,0.0,,,
EXPE,2023Q3,0.0,,,
EXPE,2023Q4,0.0,,,
EXPE,2024Q1,0.0,,,
EXPE,2024Q2,0.0,,,
EXPE,2024Q3,0.0,,,
EXPE,2024Q4,0.0,,,
EXPE,2025Q1,0.0,,,
EXPE,2025Q2,0.0,,,
EXPE,2025Q3,0.0,,,
EXR,2023Q1,0.0,,,
EXR,2023Q2,0.0,,,
EXR,2023Q3,0.0,,,
EXR,2023Q4,0.0,,,
EXR,2024Q1,0.0,,,
EXR,2024Q2,0.0,,,
EXR,2024Q3,0.0,,,
EXR,2024Q4,0.0,,,
EXR,2025Q1,0.0,,,
EXR,2025Q2,0.0,,,
EXR,2025Q3,0.0,,,
FALSE,NaT,0.0,,,
FANG,2023Q1,0.0,,,
FANG,2023Q2,0.0,,,
FANG,2023Q3,0.0,,,
FANG,2023Q4,0.0,,,
FANG,2024Q1,0.0,,,
FANG,2024Q2,0.0,,,
FANG,2024Q3,0.0,,,
FANG,2024Q4,0.0,,,
FANG,2025Q1,0.0,,,
FANG,2025Q2,0.0,,,
FANG,2025Q3,1.0,-0.75,1.0,
FAST,2023Q1,0.0,,,
FAST,2023Q2,0.0,,,
FAST,2023Q3,0.0,,,
FAST,2023Q4,0.0,,,
FAST,2024Q1,0.0,,,
FAST,2024Q2,0.0,,,
FAST,2024Q3,0.0,,,
FAST,2024Q4,0.0,,,
FAST,2025Q1,0.0,,,
FAST,2025Q2,0.0,,,
FAST,2025Q3,0.0,,,
FCX,2023Q1,0.0,,,
FCX,2023Q2,0.0,,,
FCX,2023Q3,0.0,,,
FCX,2023Q4,0.0,,,
FCX,2024Q1,0.0,,,
FCX,2024Q2,0.0,,,
FCX,2024Q3,0.0,,,
FCX,2024Q4,0.0,,,
FCX,2025Q1,0.0,,,
FCX,2025Q2,0.0,,,
FCX,2025Q3,0.0,,,
FDS,2023Q1,1.0,-1.0,1.0,
FDS,2023Q2,1.0,-1.0,1.0,
FDS,2023Q3,1.0,-1.0,1.0,
FDS,2023Q4,1.0,-1.0,1.0,
FDS,2024Q1,0.0,,,
FDS,2024Q2,0.0,,,
FDS,2024Q3,0.0,,,
FDS,2024Q4,0.0,,,
FDS,2025Q1,0.0,,,
FDS,2025Q2,0.0,,,
FDS,2025Q3,0.0,,,
FDX,2025Q2,0.0,,,
FDX,2025Q3,0.0,,,
FE,2023Q1,0.0,,,
FE,2023Q2,0.0,,,
FE,2023Q3,0.0,,,
FE,2023Q4,0.0,,,
FE,2024Q1,0.0,,,
FE,2024Q2,0.0,,,
FE,2024Q3,0.0,,,
FE,2024Q4,0.0,,,
FE,2025Q1,0.0,,,
FE,2025Q2,0.0,,,
FE,2025Q3,0.0,,,
FFIV,2023Q1,0.0,,,
FFIV,2023Q2,0.0,,,
FFIV,2023Q3,0.0,,,
FFIV,2023Q4,0.0,,,
FFIV,2024Q1,0.0,,,
FFIV,2024Q2,0.0,,,
FFIV,2024Q3,0.0,,,
FFIV,2024Q4,0.0,,,
FFIV,2025Q1,0.0,,,
FFIV,2025Q2,0.0,,,
FFIV,2025Q3,0.0,,,
FI,2024Q1,0.0,,,
FI,2025Q1,0.0,,,
FI,2025Q2,0.0,,,
FI,2025Q3,0.0,,,
FICO,2024Q2,0.0,,,
FICO,2024Q3,0.0,,,
FICO,2024Q4,0.0,,,
FICO,2025Q1,0.0,,,
FICO,2025Q2,0.0,,,
FICO,2025Q3,0.0,,,
FIS,2023Q2,0.0,,,
FIS,2023Q3,0.0,,,
FIS,2023Q4,0.0,,,
FIS,2024Q1,0.0,,,
FIS,2024Q2,0.0,,,
FIS,2024Q3,0.0,,,
FIS,2024Q4,0.0,,,
FIS,2025Q1,0.0,,,
FIS,2025Q2,0.0,,,
FIS,2025Q3,0.0,,,
FISV,2023Q1,0.0,,,
FISV,2023Q2,0.0,,,
FISV,2023Q3,0.0,,,
FISV,2023Q4,0.0,,,
FISV,2024Q2,0.0,,,
FISV,2024Q3,0.0,,,
FISV,2024Q4,0.0,,,
FITB,2023Q1,0.0,,,
FITB,2023Q2,0.0,,,
FITB,2023Q3,0.0,,,
FITB,2023Q4,0.0,,,
FITB,2024Q1,0.0,,,
FITB,2024Q2,0.0,,,
FITB,2024Q3,0.0,,,
FITB,2024Q4,0.0,,,
FITB,2025Q1,0.0,,,
FITB,2025Q2,0.0,,,
FITB,2025Q3,0.0,,,
FLT,2023Q1,0.0,,,
FLT,2023Q2,0.0,,,
FLT,2023Q3,0.0,,,
FLT,2023Q4,0.0,,,
FLT,2024Q1,0.0,,,
FLT,2024Q2,0.0,,,
FLT,2024Q3,0.0,,,
FLT,2024Q4,0.0,,,
FLT,2025Q1,0.0,,,
FLT,2025Q2,0.0,,,
FLT,2025Q3,0.0,,,
FOX,2023Q4,0.0,,,
FOX,2024Q1,0.0,,,
FOX,2024Q2,0.0,,,
FOX,2024Q3,0.0,,,
FOX,2024Q4,0.0,,,
FOX,2025Q1,0.0,,,
FOX,2025Q2,0.0,,,
FOX,2025Q3,0.0,,,
FRT,2023Q1,0.0,,,
FRT,2023Q2,0.0,,,
FRT,2023Q3,0.0,,,
FRT,2023Q4,0.0,,,
FRT,2024Q1,0.0,,,
FRT,2024Q2,0.0,,,
FRT,2024Q3,0.0,,,
FRT,2024Q4,0.0,,,
FRT,2025Q1,0.0,,,
FRT,2025Q2,0.0,,,
FRT,2025Q3,0.0,,,
FSLR,2023Q1,0.0,,,
FSLR,2023Q2,0.0,,,
FSLR,2023Q3,0.0,,,
FSLR,2023Q4,0.0,,,
FSLR,2024Q1,0.0,,,
FSLR,2024Q2,0.0,,,
FSLR,2024Q3,0.0,,,
FSLR,2024Q4,0.0,,,
FSLR,2025Q1,0.0,,,
FSLR,2025Q2,0.0,,,
FSLR,2025Q3,0.0,,,
FTNT,2023Q1,0.0,,,
FTNT,2023Q2,0.0,,,
FTNT,2023Q3,0.0,,,
FTNT,2023Q4,0.0,,,
FTNT,2024Q1,0.0,,,
FTNT,2024Q2,0.0,,,
FTNT,2024Q3,0.0,,,
FTNT,2024Q4,0.0,,,
FTNT,2025Q1,0.0,,,
FTNT,2025Q2,0.0,,,
FTNT,2025Q3,0.0,,,
FTV,2023Q1,0.0,,,
FTV,2023Q2,0.0,,,
FTV,2023Q3,0.0,,,
FTV,2023Q4,0.0,,,
FTV,2024Q1,0.0,,,
FTV,2024Q2,0.0,,,
FTV,2024Q3,0.0,,,
FTV,2024Q4,0.0,,,
FTV,2025Q1,0.0,,,
FTV,2025Q2,0.0,,,
FTV,2025Q3,0.0,,,
GD,2023Q1,0.0,,,
GD,2023Q2,0.0,,,
GD,2023Q3,0.0,,,
GD,2023Q4,0.0,,,
GD,2024Q1,0.0,,,
GD,2024Q2,0.0,,,
GD,2024Q3,0.0,,,
GD,2024Q4,0.0,,,
GD,2025Q1,0.0,,,
GD,2025Q2,0.0,,,
GD,2025Q3,0.0,,,
GDDY,2023Q1,0.0,,,
GDDY,2023Q2,0.0,,,
GDDY,2023Q3,0.0,,,
GDDY,2023Q4,0.0,,,
GDDY,2024Q1,0.0,,,
GDDY,2024Q2,0.0,,,
GDDY,2024Q3,0.0,,,
GDDY,2024Q4,0.0,,,
GDDY,2025Q1,0.0,,,
GDDY,2025Q2,0.0,,,
GDDY,2025Q3,0.0,,,
GE,2023Q1,0.0,,,
GE,2023Q2,0.0,,,
GE,2023Q3,0.0,,,
GE,2023Q4,0.0,,,
GE,2024Q1,0.0,,,
GE,2024Q2,0.0,,,
GE,2024Q3,0.0,,,
GE,2024Q4,0.0,,,
GE,2025Q1,0.0,,,
GE,2025Q2,0.0,,,
GE,2025Q3,0.0,,,
GEHC,2023Q1,0.0,,,
GEHC,2023Q2,0.0,,,
GEHC,2023Q3,0.0,,,
GEHC,2023Q4,0.0,,,
GEHC,2024Q1,0.0,,,
GEHC,2024Q2,0.0,,,
GEHC,2024Q3,0.0,,,
GEHC,2024Q4,0.0,,,
GEHC,2025Q1,0.0,,,
GEHC,2025Q2,0.0,,,
GEHC,2025Q3,0.0,,,
GEN,2023Q1,0.0,,,
GEN,2023Q3,0.0,,,
GEN,2023Q4,0.0,,,
GEN,2024Q1,0.0,,,
GEN,2024Q3,0.0,,,
GEN,2024Q4,0.0,,,
GEN,2025Q1,0.0,,,
GEN,2025Q3,0.0,,,
GEV,2024Q2,0.0,,,
GEV,2024Q3,0.0,,,
GEV,2024Q4,0.0,,,
GEV,2025Q1,0.0,,,
GEV,2025Q2,0.0,,,
GILD,2023Q1,0.0,,,
GILD,2023Q2,0.0,,,
GILD,2023Q3,0.0,,,
GILD,2023Q4,0.0,,,
GILD,2024Q1,0.0,,,
GILD,2024Q2,0.0,,,
GILD,2024Q3,0.0,,,
GILD,2024Q4,0.0,,,
GILD,2025Q1,0.0,,,
GILD,2025Q2,0.0,,,
GILD,2025Q3,0.0,,,
GL,2023Q1,0.0,,,
GL,2023Q2,0.0,,,
GL,2023Q3,0.0,,,
GL,2023Q4,0.0,,,
GL,2024Q1,0.0,,,
GL,2024Q2,0.0,,,
GL,2024Q3,0.0,,,
GL,2024Q4,0.0,,,
GL,2025Q1,0.0,,,
GL,2025Q2,0.0,,,
GL,2025Q3,0.0,,,
GLW,2025Q1,0.0,,,
GLW,2025Q2,0.0,,,
GLW,2025Q3,0.0,,,
GM,2023Q1,0.0,,,
GM,2023Q2,0.0,,,
GM,2023Q3,0.0,,,
GM,2023Q4,0.0,,,
GM,2024Q1,0.0,,,
GM,2024Q2,0.0,,,
GM,2024Q3,0.0,,,
GM,2024Q4,0.0,,,
GM,2025Q1,0.0,,,
GM,2025Q2,0.0,,,
GM,2025Q3,0.0,,,
GOOG,2023Q1,0.0,,,
GOOG,2023Q2,0.0,,,
GOOG,2023Q3,0.0,,,
GOOG,2023Q4,0.0,,,
GOOG,2024Q1,0.0,,,
GOOG,2024Q2,0.0,,,
GOOG,2024Q3,0.0,,,
GOOG,2024Q4,0.0,,,
GOOG,2025Q1,0.0,,,
GOOG,2025Q2,0.0,,,
GOOG,2025Q3,0.0,,,
GPC,2023Q1,0.0,,,
GPC,2023Q2,0.0,,,
GPC,2023Q3,0.0,,,
GPC,2023Q4,0.0,,,
GPC,2024Q1,0.0,,,
GPC,2024Q2,0.0,,,
GPC,2024Q3,0.0,,,
GPC,2024Q4,0.0,,,
GPC,2025Q1,0.0,,,
GPC,2025Q2,0.0,,,
GPC,2025Q3,0.0,,,
GPN,2023Q1,0.0,,,
GPN,2023Q2,0.0,,,
GPN,2023Q3,0.0,,,
GPN,2023Q4,0.0,,,
GPN,2024Q1,0.0,,,
GPN,2024Q2,0.0,,,
GPN,2024Q3,0.0,,,
GPN,2024Q4,0.0,,,
GPN,2025Q1,0.0,,,
GPN,2025Q2,0.0,,,
GPN,2025Q3,0.0,,,
GWW,2023Q1,0.0,,,
GWW,2023Q2,0.0,,,
GWW,2023Q3,0.0,,,
GWW,2023Q4,0.0,,,
GWW,2024Q1,0.0,,,
GWW,2024Q2,0.0,,,
GWW,2024Q3,0.0,,,
GWW,2024Q4,0.0,,,
GWW,2025Q1,0.0,,,
GWW,2025Q2,0.0,,,
GWW,2025Q3,0.0,,,
HAL,2023Q1,0.0,,,
HAL,2023Q2,0.0,,,
HAL,2023Q3,0.0,,,
HAL,2023Q4,0.0,,,
HAL,2024Q1,0.0,,,
HAL,2024Q2,0.0,,,
HAL,2024Q3,0.0,,,
HAL,2024Q4,0.0,,,
HAL,2025Q1,0.0,,,
HAL,2025Q2,0.0,,,
HAL,2025Q3,0.0,,,
HAS,2023Q1,0.0,,,
HAS,2023Q2,0.0,,,
HAS,2023Q3,0.0,,,
HAS,2023Q4,0.0,,,
HAS,2024Q1,0.0,,,
HAS,2024Q2,0.0,,,
HAS,2024Q3,0.0,,,
HAS,2024Q4,0.0,,,
HAS,2025Q1,0.0,,,
HAS,2025Q2,0.0,,,
HAS,2025Q3,0.0,,,
HBAN,2023Q1,0.0,,,
HBAN,2023Q2,0.0,,,
HBAN,2023Q3,0.0,,,
HBAN,2023Q4,0.0,,,
HBAN,2024Q1,0.0,,,
HBAN,2024Q3,0.0,,,
HBAN,2024Q4,0.0,,,
HBAN,2025Q1,0.0,,,
HBAN,2025Q2,1.0,-1.0,1.0,
HBAN,2025Q3,1.0,-1.0,1.0,
HD,2023Q1,0.0,,,
HD,2023Q2,0.0,,,
HD,2023Q3,0.0,,,
HD,2023Q4,0.0,,,
HD,2024Q1,0.0,,,
HD,2024Q2,0.0,,,
HD,2024Q3,0.0,,,
HD,2024Q4,0.0,,,
HD,2025Q1,0.0,,,
HD,2025Q2,0.0,,,
HD,2025Q3,0.0,,,
HIG,2023Q1,0.0,,,
HIG,2023Q2,0.0,,,
HIG,2023Q3,0.0,,,
HIG,2023Q4,0.0,,,
HIG,2024Q1,0.0,,,
HIG,2024Q2,0.0,,,
HIG,2024Q3,0.0,,,
HIG,2024Q4,0.0,,,
HIG,2025Q1,0.0,,,
HIG,2025Q2,0.0,,,
HIG,2025Q3,0.0,,,
HII,2023Q1,0.0,,,
HII,2023Q2,0.0,,,
HII,2023Q3,0.0,,,
HII,2023Q4,0.0,,,
HII,2024Q1,0.0,,,
HII,2024Q2,0.0,,,
HII,2024Q3,0.0,,,
HII,2024Q4,0.0,,,
HII,2025Q1,0.0,,,
HII,2025Q2,0.0,,,
HII,2025Q3,0.0,,,
HLT,2023Q1,0.0,,,
HLT,2023Q2,0.0,,,
HLT,2023Q3,0.0,,,
HLT,2023Q4,0.0,,,
HLT,2024Q1,0.0,,,
HLT,2024Q2,0.0,,,
HLT,2024Q3,0.0,,,
HLT,2024Q4,0.0,,,
HLT,2025Q1,0.0,,,
HLT,2025Q2,0.0,,,
HLT,2025Q3,0.0,,,
HON,2023Q1,0.0,,,
HON,2023Q2,0.0,,,
HON,2023Q3,0.0,,,
HON,2023Q4,1.0,-1.0,1.0,
HON,2024Q1,0.0,,,
HON,2024Q2,0.0,,,
HON,2024Q3,0.0,,,
HON,2024Q4,0.0,,,
HON,2025Q1,0.0,,,
HON,2025Q2,0.0,,,
HON,2025Q3,0.0,,,
HPE,2023Q1,0.0,,,
HPE,2023Q2,0.0,,,
HPE,2023Q3,0.0,,,
HPE,2023Q4,0.0,,,
HPE,2024Q1,0.0,,,
HPE,2024Q2,0.0,,,
HPE,2024Q3,0.0,,,
HPE,2024Q4,0.0,,,
HPE,2025Q1,0.0,,,
HPE,2025Q2,0.0,,,
HPE,2025Q3,0.0,,,
HPQ,2023Q1,0.0,,,
HPQ,2023Q2,0.0,,,
HPQ,2023Q3,0.0,,,
HPQ,2023Q4,0.0,,,
HPQ,2024Q1,0.0,,,
HPQ,2024Q2,0.0,,,
HPQ,2024Q3,0.0,,,
HPQ,2024Q4,0.0,,,
HPQ,2025Q1,0.0,,,
HPQ,2025Q2,0.0,,,
HPQ,2025Q3,0.0,,,
HRL,2023Q1,0.0,,,
HRL,2023Q2,0.0,,,
HRL,2023Q3,0.0,,,
HRL,2023Q4,0.0,,,
HRL,2024Q1,0.0,,,
HRL,2024Q2,0.0,,,
HRL,2024Q3,0.0,,,
HRL,2024Q4,0.0,,,
HRL,2025Q1,0.0,,,
HRL,2025Q2,0.0,,,
HRL,2025Q3,0.0,,,
HRS,2023Q1,0.0,,,
HRS,2023Q2,0.0,,,
HRS,2023Q3,0.0,,,
HRS,2023Q4,0.0,,,
HRS,2024Q1,0.0,,,
HRS,2024Q2,0.0,,,
HRS,2024Q3,0.0,,,
HRS,2024Q4,0.0,,,
HRS,2025Q1,0.0,,,
HRS,2025Q2,0.0,,,
HRS,2025Q3,0.0,,,
HSIC,2023Q1,0.0,,,
HSIC,2023Q2,0.0,,,
HSIC,2023Q3,0.0,,,
HSIC,2023Q4,0.0,,,
HSIC,2024Q1,0.0,,,
HSIC,2024Q2,0.0,,,
HSIC,2024Q3,0.0,,,
HSIC,2024Q4,0.0,,,
HSIC,2025Q1,0.0,,,
HSIC,2025Q2,0.0,,,
HSIC,2025Q3,0.0,,,
HST,2023Q4,0.0,,,
HST,2024Q1,0.0,,,
HST,2024Q2,0.0,,,
HST,2024Q3,0.0,,,
HST,2024Q4,0.0,,,
HST,2025Q1,0.0,,,
HST,2025Q2,0.0,,,
HST,2025Q3,0.0,,,
HSY,2023Q1,0.0,,,
HSY,2023Q2,0.0,,,
HSY,2023Q3,0.0,,,
HSY,2023Q4,0.0,,,
HSY,2024Q1,0.0,,,
HSY,2024Q2,0.0,,,
HSY,2024Q3,0.0,,,
HSY,2024Q4,0.0,,,
HSY,2025Q1,0.0,,,
HSY,2025Q2,0.0,,,
HSY,2025Q3,0.0,,,
HUBB,2023Q1,0.0,,,
HUBB,2023Q2,0.0,,,
HUBB,2023Q3,0.0,,,
HUBB,2023Q4,0.0,,,
HUBB,2024Q1,0.0,,,
HUBB,2024Q2,0.0,,,
HUBB,2024Q3,0.0,,,
HUBB,2024Q4,0.0,,,
HUBB,2025Q1,0.0,,,
HUBB,2025Q2,0.0,,,
HUBB,2025Q3,0.0,,,
HUM,2023Q1,0.0,,,
HUM,2023Q2,0.0,,,
HUM,2023Q3,0.0,,,
HUM,2023Q4,0.0,,,
HUM,2024Q1,1.0,-1.0,1.0,
HUM,2024Q2,0.0,,,
HUM,2024Q3,0.0,,,
HUM,2024Q4,0.0,,,
HUM,2025Q1,0.0,,,
HUM,2025Q2,0.0,,,
HUM,2025Q3,0.0,,,
IBM,2023Q3,0.0,,,
IBM,2023Q4,0.0,,,
IBM,2024Q1,0.0,,,
IBM,2024Q2,0.0,,,
IBM,2024Q3,0.0,,,
IBM,2024Q4,0.0,,,
IBM,2025Q1,0.0,,,
IBM,2025Q2,0.0,,,
IBM,2025Q3,0.0,,,
IEX,2023Q1,1.0,-1.0,1.0,
IEX,2023Q2,1.0,-1.0,1.0,
IEX,2023Q3,1.0,-1.0,1.0,
IEX,2023Q4,1.0,-1.0,1.0,
IEX,2024Q1,1.0,-1.0,1.0,
IEX,2024Q2,0.0,,,
IEX,2024Q3,0.0,,,
IEX,2024Q4,0.0,,,
IEX,2025Q1,0.0,,,
IEX,2025Q2,0.0,,,
IEX,2025Q3,0.0,,,
IFF,2023Q1,0.0,,,
IFF,2023Q2,0.0,,,
IFF,2023Q3,0.0,,,
IFF,2023Q4,0.0,,,
IFF,2024Q1,0.0,,,
IFF,2024Q2,0.0,,,
IFF,2024Q3,0.0,,,
IFF,2024Q4,0.0,,,
IFF,2025Q1,0.0,,,
IFF,2025Q2,0.0,,,
IFF,2025Q3,0.0,,,
INCY,2023Q1,0.0,,,
INCY,2023Q2,0.0,,,
INCY,2023Q3,0.0,,,
INCY,2023Q4,0.0,,,
INCY,2024Q1,0.0,,,
INCY,2024Q2,0.0,,,
INCY,2024Q3,0.0,,,
INCY,2024Q4,0.0,,,
INCY,2025Q1,0.0,,,
INCY,2025Q2,0.0,,,
INCY,2025Q3,0.0,,,
INTC,2023Q1,0.0,,,
INTC,2023Q2,0.0,,,
INTC,2023Q3,0.0,,,
INTC,2023Q4,0.0,,,
INTC,2024Q1,0.0,,,
INTC,2024Q2,0.0,,,
INTC,2024Q3,0.0,,,
INTC,2024Q4,1.0,-1.0,1.0,
INTC,2025Q1,0.0,,,
INTC,2025Q2,0.0,,,
INTC,2025Q3,1.0,-1.0,1.0,
INTU,2023Q1,0.0,,,
INTU,2023Q2,0.0,,,
INTU,2023Q3,0.0,,,
INTU,2023Q4,0.0,,,
INTU,2024Q1,0.0,,,
INTU,2024Q2,0.0,,,
INTU,2024Q3,0.0,,,
INTU,2024Q4,0.0,,,
INTU,2025Q1,0.0,,,
INTU,2025Q2,0.0,,,
INTU,2025Q3,0.0,,,
INVH,2023Q1,0.0,,,
INVH,2023Q2,0.0,,,
INVH,2023Q3,0.0,,,
INVH,2023Q4,0.0,,,
INVH,2024Q1,0.0,,,
INVH,2024Q2,0.0,,,
INVH,2024Q3,0.0,,,
INVH,2024Q4,0.0,,,
INVH,2025Q1,0.0,,,
INVH,2025Q2,0.0,,,
INVH,2025Q3,0.0,,,
IP,2023Q1,0.0,,,
IP,2023Q2,0.0,,,
IP,2023Q3,0.0,,,
IP,2023Q4,0.0,,,
IP,2024Q1,0.0,,,
IP,2024Q2,0.0,,,
IP,2024Q3,0.0,,,
IP,2024Q4,0.0,,,
IP,2025Q1,0.0,,,
IP,2025Q2,0.0,,,
IP,2025Q3,0.0,,,
IPG,2023Q1,0.0,,,
IPG,2023Q2,0.0,,,
IPG,2023Q3,0.0,,,
IPG,2023Q4,0.0,,,
IPG,2024Q1,0.0,,,
IPG,2024Q2,0.0,,,
IPG,2024Q3,0.0,,,
IPG,2024Q4,0.0,,,
IPG,2025Q1,0.0,,,
IPG,2025Q2,0.0,,,
IPG,2025Q3,0.0,,,
IQV,2024Q3,0.0,,,
IQV,2024Q4,0.0,,,
IQV,2025Q1,0.0,,,
IQV,2025Q2,0.0,,,
IQV,2025Q3,0.0,,,
IRI,2023Q1,0.0,,,
IRI,2023Q2,0.0,,,
IRI,2023Q3,0.0,,,
IRI,2023Q4,0.0,,,
IRI,2024Q1,0.0,,,
IRI,2024Q2,0.0,,,
IRI,2024Q3,0.0,,,
IRI,2024Q4,0.0,,,
IRI,2025Q1,0.0,,,
IRI,2025Q2,0.0,,,
IRI,2025Q3,0.0,,,
IRM,2023Q1,0.0,,,
IRM,2023Q2,0.0,,,
IRM,2023Q3,0.0,,,
IRM,2023Q4,0.0,,,
IRM,2024Q1,0.0,,,
IRM,2024Q2,0.0,,,
IRM,2024Q3,0.0,,,
IRM,2024Q4,0.0,,,
IRM,2025Q1,0.0,,,
IRM,2025Q2,0.0,,,
IRM,2025Q3,0.0,,,
ISRG,2023Q1,0.0,,,
ISRG,2023Q2,0.0,,,
ISRG,2023Q3,0.0,,,
ISRG,2023Q4,0.0,,,
ISRG,2024Q1,0.0,,,
ISRG,2024Q2,0.0,,,
ISRG,2024Q3,0.0,,,
ISRG,2024Q4,0.0,,,
ISRG,2025Q1,0.0,,,
ISRG,2025Q2,0.0,,,
ISRG,2025Q3,0.0,,,
IT,2023Q1,0.0,,,
IT,2023Q2,0.0,,,
IT,2023Q3,0.0,,,
IT,2023Q4,0.0,,,
IT,2024Q1,0.0,,,
IT,2024Q2,0.0,,,
IT,2024Q3,0.0,,,
IT,2024Q4,0.0,,,
IT,2025Q1,0.0,,,
IT,2025Q2,0.0,,,
IT,2025Q3,0.0,,,
ITW,2023Q1,0.0,,,
ITW,2023Q2,0.0,,,
ITW,2023Q3,0.0,,,
ITW,2023Q4,0.0,,,
ITW,2024Q1,0.0,,,
ITW,2024Q2,0.0,,,
ITW,2024Q3,0.0,,,
ITW,2024Q4,0.0,,,
ITW,2025Q1,0.0,,,
ITW,2025Q2,0.0,,,
ITW,2025Q3,0.0,,,
IVZ,2023Q1,0.0,,,
IVZ,2023Q2,0.0,,,
IVZ,2023Q3,0.0,,,
IVZ,2023Q4,0.0,,,
IVZ,2024Q1,0.0,,,
IVZ,2024Q2,0.0,,,
IVZ,2024Q3,0.0,,,
IVZ,2024Q4,0.0,,,
IVZ,2025Q1,0.0,,,
IVZ,2025Q2,0.0,,,
IVZ,2025Q3,0.0,,,
JBL,2024Q4,0.0,,,
JBL,2025Q1,0.0,,,
JBL,2025Q2,0.0,,,
JCI,2023Q1,0.0,,,
JCI,2023Q2,0.0,,,
JCI,2023Q3,0.0,,,
JCI,2023Q4,0.0,,,
JCI,2024Q1,0.0,,,
JCI,2024Q2,0.0,,,
JCI,2024Q3,0.0,,,
JCI,2024Q4,0.0,,,
JCI,2025Q1,0.0,,,
JCI,2025Q2,0.0,,,
JCI,2025Q3,0.0,,,
JKHY,2023Q1,0.0,,,
JKHY,2023Q2,0.0,,,
JKHY,2023Q3,0.0,,,
JKHY,2023Q4,0.0,,,
JKHY,2024Q1,0.0,,,
JKHY,2024Q2,0.0,,,
JKHY,2024Q3,0.0,,,
JKHY,2024Q4,0.0,,,
JKHY,2025Q1,0.0,,,
JKHY,2025Q2,0.0,,,
JKHY,2025Q3,0.0,,,
JNJ,2023Q1,0.0,,,
JNJ,2023Q2,0.0,,,
JNJ,2023Q3,0.0,,,
JNJ,2023Q4,0.0,,,
JNJ,2024Q1,0.0,,,
JNJ,2024Q2,0.0,,,
JNJ,2024Q3,0.0,,,
JNJ,2024Q4,0.0,,,
JNJ,2025Q1,0.0,,,
JNJ,2025Q2,0.0,,,
JNJ,2025Q3,0.0,,,
JPM,2024Q4,0.0,,,
JPM,2025Q1,0.0,,,
JPM,2025Q2,0.0,,,
JPM,2025Q3,0.0,,,
KDP,2023Q1,0.0,,,
KDP,2023Q2,0.0,,,
KDP,2023Q3,0.0,,,
KDP,2023Q4,0.0,,,
KDP,2024Q1,0.0,,,
KDP,2024Q2,0.0,,,
KDP,2024Q3,0.0,,,
KDP,2024Q4,0.0,,,
KDP,2025Q1,0.0,,,
KDP,2025Q2,0.0,,,
KDP,2025Q3,0.0,,,
KEY,2023Q1,0.0,,,
KEY,2023Q2,0.0,,,
KEY,2023Q3,0.0,,,
KEY,2023Q4,0.0,,,
KEY,2024Q1,0.0,,,
KEY,2024Q2,0.0,,,
KEY,2024Q3,0.0,,,
KEY,2024Q4,0.0,,,
KEY,2025Q1,0.0,,,
KEY,2025Q2,0.0,,,
KEY,2025Q3,0.0,,,
KEYS,2023Q1,0.0,,,
KEYS,2023Q2,0.0,,,
KEYS,2023Q3,0.0,,,
KEYS,2023Q4,0.0,,,
KEYS,2024Q1,0.0,,,
KEYS,2024Q2,0.0,,,
KEYS,2024Q3,0.0,,,
KEYS,2024Q4,0.0,,,
KEYS,2025Q1,0.0,,,
KEYS,2025Q2,0.0,,,
KEYS,2025Q3,0.0,,,
KHC,2023Q1,0.0,,,
KHC,2023Q2,0.0,,,
KHC,2023Q3,0.0,,,
KHC,2023Q4,0.0,,,
KHC,2024Q1,0.0,,,
KHC,2024Q2,0.0,,,
KHC,2024Q3,0.0,,,
KHC,2024Q4,0.0,,,
KHC,2025Q1,0.0,,,
KHC,2025Q2,0.0,,,
KHC,2025Q3,0.0,,,
KKR,2023Q1,0.0,,,
KKR,2023Q2,0.0,,,
KKR,2023Q3,0.0,,,
KKR,2023Q4,0.0,,,
KKR,2024Q1,0.0,,,
KKR,2024Q2,0.0,,,
KKR,2024Q3,0.0,,,
KKR,2024Q4,0.0,,,
KKR,2025Q1,0.0,,,
KKR,2025Q2,0.0,,,
KKR,2025Q3,0.0,,,
KLAC,2023Q1,0.0,,,
KLAC,2023Q2,0.0,,,
KLAC,2023Q3,0.0,,,
KLAC,2023Q4,0.0,,,
KLAC,2024Q1,0.0,,,
KLAC,2024Q2,0.0,,,
KLAC,2024Q3,0.0,,,
KLAC,2024Q4,0.0,,,
KLAC,2025Q1,0.0,,,
KLAC,2025Q2,1.0,-1.0,1.0,
KLAC,2025Q3,0.0,,,
KMI,2023Q1,0.0,,,
KMI,2023Q2,0.0,,,
KMI,2023Q3,0.0,,,
KMI,2023Q4,0.0,,,
KMI,2024Q1,0.0,,,
KMI,2024Q2,0.0,,,
KMI,2024Q3,0.0,,,
KMI,2024Q4,0.0,,,
KMI,2025Q1,0.0,,,
KMI,2025Q2,0.0,,,
KMI,2025Q3,0.0,,,
KMX,2023Q2,0.0,,,
KMX,2023Q3,0.0,,,
KMX,2023Q4,0.0,,,
KMX,2024Q2,0.0,,,
KMX,2024Q3,0.0,,,
KMX,2024Q4,0.0,,,
KMX,2025Q2,0.0,,,
KO,2023Q1,0.0,,,
KO,2023Q2,0.0,,,
KO,2023Q3,0.0,,,
KO,2023Q4,0.0,,,
KO,2024Q1,0.0,,,
KO,2024Q2,0.0,,,
KO,2024Q3,0.0,,,
KO,2024Q4,0.0,,,
KO,2025Q1,0.0,,,
KO,2025Q2,0.0,,,
KO,2025Q3,0.0,,,
KVUE,2023Q3,0.0,,,
KVUE,2023Q4,0.0,,,
KVUE,2024Q1,0.0,,,
KVUE,2024Q2,0.0,,,
KVUE,2024Q3,0.0,,,
KVUE,2024Q4,0.0,,,
KVUE,2025Q1,0.0,,,
KVUE,2025Q3,0.0,,,
LDOS,2023Q1,0.0,,,
LDOS,2023Q2,0.0,,,
LDOS,2023Q3,0.0,,,
LDOS,2023Q4,0.0,,,
LDOS,2024Q1,0.0,,,
LDOS,2024Q2,0.0,,,
LDOS,2024Q3,0.0,,,
LDOS,2024Q4,0.0,,,
LDOS,2025Q1,0.0,,,
LDOS,2025Q2,0.0,,,
LDOS,2025Q3,0.0,,,
LEN,2023Q1,0.0,,,
LEN,2023Q2,0.0,,,
LEN,2023Q3,0.0,,,
LEN,2023Q4,0.0,,,
LEN,2024Q1,0.0,,,
LEN,2024Q2,0.0,,,
LEN,2024Q3,0.0,,,
LEN,2024Q4,0.0,,,
LEN,2025Q1,0.0,,,
LEN,2025Q2,0.0,,,
LEN,2025Q3,0.0,,,
LH,2023Q1,0.0,,,
LH,2023Q2,0.0,,,
LH,2023Q3,0.0,,,
LH,2023Q4,0.0,,,
LH,2024Q1,0.0,,,
LH,2024Q2,0.0,,,
LH,2024Q3,0.0,,,
LH,2024Q4,0.0,,,
LH,2025Q1,0.0,,,
LH,2025Q2,0.0,,,
LH,2025Q3,0.0,,,
LII,2023Q3,0.0,,,
LII,2023Q4,0.0,,,
LII,2024Q1,0.0,,,
LII,2024Q2,0.0,,,
LII,2024Q3,0.0,,,
LII,2024Q4,0.0,,,
LII,2025Q1,0.0,,,
LII,2025Q2,0.0,,,
LII,2025Q3,0.0,,,
LKQ,2023Q1,0.0,,,
LKQ,2023Q2,0.0,,,
LKQ,2023Q3,0.0,,,
LKQ,2023Q4,0.0,,,
LKQ,2024Q1,0.0,,,
LKQ,2024Q2,0.0,,,
LKQ,2024Q3,0.0,,,
LKQ,2024Q4,0.0,,,
LKQ,2025Q1,0.0,,,
LKQ,2025Q2,0.0,,,
LKQ,2025Q3,0.0,,,
LLY,2023Q1,0.0,,,
LLY,2023Q2,0.0,,,
LLY,2023Q3,0.0,,,
LLY,2023Q4,0.0,,,
LLY,2024Q1,0.0,,,
LLY,2024Q2,0.0,,,
LLY,2024Q3,0.0,,,
LLY,2024Q4,0.0,,,
LLY,2025Q1,0.0,,,
LLY,2025Q2,0.0,,,
LLY,2025Q3,0.0,,,
LMT,2023Q1,0.0,,,
LMT,2023Q2,0.0,,,
LMT,2023Q3,0.0,,,
LMT,2023Q4,0.0,,,
LMT,2024Q1,0.0,,,
LMT,2024Q2,0.0,,,
LMT,2024Q3,0.0,,,
LMT,2024Q4,0.0,,,
LMT,2025Q1,0.0,,,
LMT,2025Q2,0.0,,,
LMT,2025Q3,0.0,,,
LNT,2023Q1,0.0,,,
LNT,2023Q2,0.0,,,
LNT,2023Q3,0.0,,,
LNT,2023Q4,0.0,,,
LNT,2024Q1,0.0,,,
LNT,2024Q2,0.0,,,
LNT,2024Q3,0.0,,,
LNT,2024Q4,0.0,,,
LNT,2025Q1,0.0,,,
LNT,2025Q2,0.0,,,
LNT,2025Q3,0.0,,,
LOW,2023Q1,0.0,,,
LOW,2023Q2,0.0,,,
LOW,2023Q3,0.0,,,
LOW,2023Q4,0.0,,,
LOW,2024Q1,0.0,,,
LOW,2024Q2,0.0,,,
LOW,2024Q3,0.0,,,
LOW,2024Q4,0.0,,,
LOW,2025Q1,0.0,,,
LOW,2025Q2,0.0,,,
LOW,2025Q3,0.0,,,
LRCX,2023Q1,0.0,,,
LRCX,2023Q2,0.0,,,
LRCX,2023Q3,0.0,,,
LRCX,2023Q4,0.0,,,
LRCX,2024Q1,0.0,,,
LRCX,2024Q2,0.0,,,
LRCX,2024Q3,0.0,,,
LRCX,2024Q4,0.0,,,
LRCX,2025Q1,0.0,,,
LRCX,2025Q2,0.0,,,
LRCX,2025Q3,0.0,,,
LULU,2023Q1,0.0,,,
LULU,2023Q2,0.0,,,
LULU,2023Q3,0.0,,,
LULU,2023Q4,0.0,,,
LULU,2024Q1,0.0,,,
LULU,2024Q2,0.0,,,
LULU,2024Q3,0.0,,,
LULU,2024Q4,0.0,,,
LULU,2025Q1,0.0,,,
LULU,2025Q2,0.0,,,
LULU,2025Q3,0.0,,,
LUV,2023Q1,0.0,,,
LUV,2023Q2,0.0,,,
LUV,2023Q3,0.0,,,
LUV,2023Q4,0.0,,,
LUV,2024Q1,0.0,,,
LUV,2024Q2,0.0,,,
LUV,2024Q3,0.0,,,
LUV,2024Q4,0.0,,,
LUV,2025Q1,0.0,,,
LUV,2025Q2,0.0,,,
LUV,2025Q3,0.0,,,
LVS,2023Q1,0.0,,,
LVS,2023Q2,0.0,,,
LVS,2023Q3,0.0,,,
LVS,2023Q4,0.0,,,
LVS,2024Q1,0.0,,,
LVS,2024Q2,0.0,,,
LVS,2024Q3,0.0,,,
LVS,2024Q4,0.0,,,
LVS,2025Q1,0.0,,,
LVS,2025Q2,0.0,,,
LVS,2025Q3,0.0,,,
LW,2024Q2,0.0,,,
LW,2024Q3,0.0,,,
LW,2024Q4,0.0,,,
LW,2025Q2,0.0,,,
LW,2025Q3,0.0,,,
LYB,2023Q1,0.0,,,
LYB,2023Q2,0.0,,,
LYB,2023Q3,0.0,,,
LYB,2023Q4,0.0,,,
LYB,2024Q1,0.0,,,
LYB,2024Q2,0.0,,,
LYB,2024Q3,0.0,,,
LYB,2024Q4,0.0,,,
LYB,2025Q1,0.0,,,
LYB,2025Q2,0.0,,,
LYB,2025Q3,0.0,,,
LYV,2023Q1,0.0,,,
LYV,2023Q2,0.0,,,
LYV,2023Q3,0.0,,,
LYV,2023Q4,0.0,,,
LYV,2024Q1,0.0,,,
LYV,2024Q2,0.0,,,
LYV,2024Q3,0.0,,,
LYV,2024Q4,0.0,,,
LYV,2025Q1,0.0,,,
LYV,2025Q2,0.0,,,
LYV,2025Q3,0.0,,,
MA,2023Q1,0.0,,,
MA,2023Q2,0.0,,,
MA,2023Q3,0.0,,,
MA,2023Q4,0.0,,,
MA,2024Q1,0.0,,,
MA,2024Q2,0.0,,,
MA,2024Q3,0.0,,,
MA,2024Q4,0.0,,,
MA,2025Q1,0.0,,,
MA,2025Q2,0.0,,,
MA,2025Q3,0.0,,,
MAR,2023Q1,0.0,,,
MAR,2023Q2,0.0,,,
MAR,2023Q3,0.0,,,
MAR,2023Q4,0.0,,,
MAR,2024Q1,0.0,,,
MAR,2024Q2,0.0,,,
MAR,2024Q3,0.0,,,
MAR,2024Q4,0.0,,,
MAR,2025Q1,0.0,,,
MAR,2025Q2,0.0,,,
MAR,2025Q3,0.0,,,
MAS,2023Q1,0.0,,,
MAS,2023Q2,0.0,,,
MAS,2023Q3,0.0,,,
MAS,2023Q4,0.0,,,
MAS,2024Q1,0.0,,,
MAS,2024Q2,0.0,,,
MAS,2024Q3,0.0,,,
MAS,2024Q4,0.0,,,
MAS,2025Q1,0.0,,,
MAS,2025Q2,0.0,,,
MAS,2025Q3,0.0,,,
MBT,2024Q2,0.0,,,
MBT,2024Q3,0.0,,,
MBT,2024Q4,0.0,,,
MBT,2025Q1,0.0,,,
MBT,2025Q2,0.0,,,
MBT,2025Q3,0.0,,,
MCD,2023Q1,0.0,,,
MCD,2023Q2,0.0,,,
MCD,2023Q3,0.0,,,
MCD,2023Q4,0.0,,,
MCD,2024Q1,0.0,,,
MCD,2024Q2,0.0,,,
MCD,2024Q3,0.0,,,
MCD,2024Q4,0.0,,,
MCD,2025Q1,0.0,,,
MCD,2025Q2,0.0,,,
MCD,2025Q3,0.0,,,
MCHP,2023Q1,0.0,,,
MCHP,2023Q2,0.0,,,
MCHP,2023Q3,0.0,,,
MCHP,2023Q4,0.0,,,
MCHP,2024Q1,0.0,,,
MCHP,2024Q2,0.0,,,
MCHP,2024Q3,0.0,,,
MCHP,2024Q4,0.0,,,
MCHP,2025Q1,0.0,,,
MCHP,2025Q2,0.0,,,
MCHP,2025Q3,0.0,,,
MCK,2023Q1,0.0,,,
MCK,2023Q2,0.0,,,
MCK,2023Q3,0.0,,,
MCK,2023Q4,0.0,,,
MCK,2024Q1,0.0,,,
MCK,2024Q2,0.0,,,
MCK,2024Q3,0.0,,,
MCK,2024Q4,0.0,,,
MCK,2025Q1,0.0,,,
MCK,2025Q2,0.0,,,
MCK,2025Q3,0.0,,,
MCO,2023Q1,0.0,,,
MCO,2023Q2,0.0,,,
MCO,2023Q3,0.0,,,
MCO,2023Q4,0.0,,,
MCO,2024Q1,0.0,,,
MCO,2024Q2,0.0,,,
MCO,2024Q3,0.0,,,
MCO,2024Q4,0.0,,,
MCO,2025Q1,0.0,,,
MCO,2025Q2,0.0,,,
MCO,2025Q3,0.0,,,
MDLZ,2023Q2,0.0,,,
MDLZ,2023Q3,0.0,,,
MDLZ,2023Q4,0.0,,,
MDLZ,2024Q1,0.0,,,
MDLZ,2024Q2,0.0,,,
MDLZ,2024Q3,0.0,,,
MDLZ,2024Q4,0.0,,,
MDLZ,2025Q1,0.0,,,
MDLZ,2025Q2,0.0,,,
MDLZ,2025Q3,0.0,,,
MDT,2023Q1,0.0,,,
MDT,2023Q2,0.0,,,
MDT,2023Q3,0.0,,,
MDT,2023Q4,0.0,,,
MDT,2024Q1,0.0,,,
MDT,2024Q2,0.0,,,
MDT,2024Q3,0.0,,,
MDT,2024Q4,0.0,,,
MDT,2025Q1,0.0,,,
MDT,2025Q2,0.0,,,
MDT,2025Q3,0.0,,,
MET,2023Q1,0.0,,,
MET,2023Q2,0.0,,,
MET,2023Q3,0.0,,,
MET,2023Q4,0.0,,,
MET,2024Q1,0.0,,,
MET,2024Q2,0.0,,,
MET,2024Q3,0.0,,,
MET,2024Q4,0.0,,,
MET,2025Q1,0.0,,,
MET,2025Q2,0.0,,,
MET,2025Q3,0.0,,,
META,2024Q1,0.0,,,
META,2024Q2,0.0,,,
META,2024Q3,0.0,,,
META,2024Q4,0.0,,,
META,2025Q1,0.0,,,
META,2025Q2,0.0,,,
META,2025Q3,0.0,,,
MGM,2023Q1,0.0,,,
MGM,2023Q2,0.0,,,
MGM,2023Q3,0.0,,,
MGM,2023Q4,0.0,,,
MGM,2024Q1,0.0,,,
MGM,2024Q2,0.0,,,
MGM,2024Q3,0.0,,,
MGM,2024Q4,0.0,,,
MGM,2025Q1,0.0,,,
MGM,2025Q2,0.0,,,
MGM,2025Q3,0.0,,,
MHK,2023Q1,0.0,,,
MHK,2023Q2,0.0,,,
MHK,2023Q3,0.0,,,
MHK,2023Q4,0.0,,,
MHK,2024Q1,0.0,,,
MHK,2024Q2,0.0,,,
MHK,2024Q3,0.0,,,
MHK,2024Q4,0.0,,,
MHK,2025Q1,0.0,,,
MHK,2025Q2,0.0,,,
MHK,2025Q3,0.0,,,
MKC,2023Q1,0.0,,,
MKC,2023Q2,0.0,,,
MKC,2023Q4,0.0,,,
MKC,2024Q1,0.0,,,
MKC,2024Q2,0.0,,,
MKC,2024Q4,0.0,,,
MKC,2025Q1,0.0,,,
MKC,2025Q2,0.0,,,
MMC,2023Q1,0.0,,,
MMC,2023Q2,0.0,,,
MMC,2023Q3,0.0,,,
MMC,2023Q4,0.0,,,
MMC,2024Q1,0.0,,,
MMC,2024Q2,0.0,,,
MMC,2024Q3,0.0,,,
MMC,2024Q4,0.0,,,
MMC,2025Q1,0.0,,,
MMC,2025Q2,0.0,,,
MMC,2025Q3,0.0,,,
MMM,2023Q1,1.0,-0.6,1.0,
MMM,2023Q2,0.0,,,
MMM,2023Q3,0.0,,,
MMM,2023Q4,0.0,,,
MMM,2024Q1,0.0,,,
MMM,2024Q2,0.0,,,
MMM,2024Q3,0.0,,,
MMM,2024Q4,0.0,,,
MMM,2025Q1,0.0,,,
MMM,2025Q2,0.0,,,
MMM,2025Q3,0.0,,,
MO,2023Q1,0.0,,,
MO,2023Q2,0.0,,,
MO,2023Q3,0.0,,,
MO,2023Q4,0.0,,,
MO,2024Q1,0.0,,,
MO,2024Q2,0.0,,,
MO,2024Q3,0.0,,,
MO,2024Q4,0.0,,,
MO,2025Q1,0.0,,,
MO,2025Q2,0.0,,,
MO,2025Q3,0.0,,,
MOH,2023Q1,0.0,,,
MOH,2023Q2,0.0,,,
MOH,2023Q3,0.0,,,
MOH,2023Q4,0.0,,,
MOH,2024Q1,0.0,,,
MOH,2024Q2,0.0,,,
MOH,2024Q3,0.0,,,
MOH,2024Q4,0.0,,,
MOH,2025Q1,0.0,,,
MOH,2025Q2,0.0,,,
MOH,2025Q3,0.0,,,
MOS,2023Q1,0.0,,,
MOS,2023Q2,0.0,,,
MOS,2023Q3,0.0,,,
MOS,2023Q4,0.0,,,
MOS,2024Q1,0.0,,,
MOS,2024Q2,0.0,,,
MOS,2024Q3,0.0,,,
MOS,2024Q4,0.0,,,
MOS,2025Q1,0.0,,,
MOS,2025Q3,0.0,,,
MPC,2023Q1,0.0,,,
MPC,2023Q2,0.0,,,
MPC,2023Q3,0.0,,,
MPC,2023Q4,0.0,,,
MPC,2024Q1,0.0,,,
MPC,2024Q2,0.0,,,
MPC,2024Q3,0.0,,,
MPC,2024Q4,0.0,,,
MPC,2025Q1,0.0,,,
MPC,2025Q2,0.0,,,
MPC,2025Q3,0.0,,,
MRNA,2023Q1,0.0,,,
MRNA,2023Q2,0.0,,,
MRNA,2023Q3,0.0,,,
MRNA,2023Q4,0.0,,,
MRNA,2024Q1,0.0,,,
MRNA,2024Q2,0.0,,,
MRNA,2024Q3,0.0,,,
MRNA,2024Q4,0.0,,,
MRNA,2025Q1,0.0,,,
MRNA,2025Q2,0.0,,,
MRNA,2025Q3,0.0,,,
MS,2024Q4,0.0,,,
MS,2025Q1,0.0,,,
MS,2025Q2,0.0,,,
MS,2025Q3,0.0,,,
MSCI,2024Q2,0.0,,,
MSCI,2024Q3,0.0,,,
MSCI,2024Q4,0.0,,,
MSCI,2025Q1,0.0,,,
MSCI,2025Q2,0.0,,,
MSCI,2025Q3,0.0,,,
MSI,2023Q1,0.0,,,
MSI,2023Q2,0.0,,,
MSI,2023Q3,0.0,,,
MSI,2023Q4,0.0,,,
MSI,2024Q1,0.0,,,
MSI,2024Q2,0.0,,,
MSI,2024Q3,0.0,,,
MSI,2024Q4,0.0,,,
MSI,2025Q1,0.0,,,
MSI,2025Q2,0.0,,,
MSI,2025Q3,0.0,,,
MTCH,2023Q1,0.0,,,
MTCH,2023Q3,0.0,,,
MTCH,2023Q4,0.0,,,
MTCH,2024Q1,0.0,,,
MTCH,2024Q2,0.0,,,
MTCH,2024Q3,0.0,,,
MTCH,2024Q4,0.0,,,
MTCH,2025Q1,0.0,,,
MTCH,2025Q2,0.0,,,
MTCH,2025Q3,0.0,,,
MTD,2023Q1,1.0,0.0,0.0,
MTD,2023Q2,1.0,0.0,0.0,
MTD,2023Q3,1.0,0.0,0.0,
MTD,2023Q4,1.0,0.0,0.0,
MTD,2024Q1,1.0,0.0,0.0,
MTD,2024Q2,1.0,0.0,0.0,
MTD,2024Q3,1.0,0.0,0.0,
MTD,2024Q4,1.0,0.0,0.0,
MTD,2025Q2,1.0,0.0,0.0,
MTD,2025Q3,1.0,0.0,0.0,
MU,2023Q1,0.0,,,
MU,2023Q2,0.0,,,
MU,2023Q3,0.0,,,
MU,2023Q4,0.0,,,
MU,2024Q1,0.0,,,
MU,2024Q2,0.0,,,
MU,2024Q3,0.0,,,
MU,2024Q4,0.0,,,
MU,2025Q1,0.0,,,
MU,2025Q2,0.0,,,
NDSN,2023Q1,0.0,,,
NDSN,2023Q2,0.0,,,
NDSN,2023Q3,0.0,,,
NDSN,2023Q4,0.0,,,
NDSN,2024Q1,0.0,,,
NDSN,2024Q2,0.0,,,
NDSN,2024Q3,0.0,,,
NDSN,2024Q4,0.0,,,
NDSN,2025Q1,0.0,,,
NDSN,2025Q2,0.0,,,
NDSN,2025Q3,0.0,,,
NEE,2023Q1,0.0,,,
NEE,2023Q2,0.0,,,
NEE,2023Q3,0.0,,,
NEE,2023Q4,0.0,,,
NEE,2024Q1,0.0,,,
NEE,2024Q2,0.0,,,
NEE,2024Q3,0.0,,,
NEE,2024Q4,0.0,,,
NEE,2025Q1,0.0,,,
NEE,2025Q2,0.0,,,
NEE,2025Q3,0.0,,,
NEM,2024Q1,0.0,,,
NEM,2024Q2,0.0,,,
NEM,2024Q3,0.0,,,
NEM,2024Q4,0.0,,,
NEM,2025Q1,0.0,,,
NEM,2025Q2,0.0,,,
NEM,2025Q3,0.0,,,
NFLX,2023Q1,0.0,,,
NFLX,2023Q2,0.0,,,
NFLX,2023Q3,0.0,,,
NFLX,2023Q4,0.0,,,
NFLX,2024Q1,0.0,,,
NFLX,2024Q2,0.0,,,
NFLX,2024Q3,0.0,,,
NFLX,2024Q4,0.0,,,
NFLX,2025Q1,0.0,,,
NFLX,2025Q2,0.0,,,
NFLX,2025Q3,0.0,,,
NIX,2023Q1,0.0,,,
NIX,2023Q2,0.0,,,
NIX,2023Q3,0.0,,,
NIX,2023Q4,0.0,,,
NIX,2024Q1,0.0,,,
NIX,2024Q2,0.0,,,
NIX,2024Q3,0.0,,,
NIX,2024Q4,0.0,,,
NIX,2025Q1,0.0,,,
NIX,2025Q2,0.0,,,
NIX,2025Q3,0.0,,,
NKE,2023Q1,0.0,,,
NKE,2023Q2,0.0,,,
NKE,2023Q3,0.0,,,
NKE,2023Q4,0.0,,,
NKE,2024Q1,0.0,,,
NKE,2024Q2,0.0,,,
NKE,2024Q4,0.0,,,
NKE,2025Q1,0.0,,,
NKE,2025Q2,0.0,,,
NLOK,2023Q2,0.0,,,
NLOK,2024Q2,0.0,,,
NLOK,2025Q2,0.0,,,
NOC,2023Q1,0.0,,,
NOC,2023Q2,0.0,,,
NOC,2023Q3,0.0,,,
NOC,2023Q4,0.0,,,
NOC,2024Q1,0.0,,,
NOC,2024Q2,0.0,,,
NOC,2024Q3,0.0,,,
NOC,2024Q4,0.0,,,
NOC,2025Q1,0.0,,,
NOC,2025Q2,0.0,,,
NOC,2025Q3,0.0,,,
NOW,2023Q1,0.0,,,
NOW,2023Q2,0.0,,,
NOW,2023Q3,0.0,,,
NOW,2023Q4,0.0,,,
NOW,2024Q1,0.0,,,
NOW,2024Q2,0.0,,,
NOW,2024Q3,0.0,,,
NOW,2024Q4,0.0,,,
NOW,2025Q1,0.0,,,
NOW,2025Q2,0.0,,,
NOW,2025Q3,0.0,,,
NRG,2023Q1,0.0,,,
NRG,2023Q2,0.0,,,
NRG,2023Q3,0.0,,,
NRG,2023Q4,0.0,,,
NRG,2024Q1,0.0,,,
NRG,2024Q2,0.0,,,
NRG,2024Q3,0.0,,,
NRG,2024Q4,0.0,,,
NRG,2025Q1,0.0,,,
NRG,2025Q2,0.0,,,
NRG,2025Q3,0.0,,,
NTRS,2023Q1,0.0,,,
NTRS,2023Q2,0.0,,,
NTRS,2023Q3,0.0,,,
NTRS,2023Q4,0.0,,,
NTRS,2024Q1,0.0,,,
NTRS,2024Q2,0.0,,,
NTRS,2024Q3,0.0,,,
NTRS,2024Q4,0.0,,,
NTRS,2025Q1,0.0,,,
NTRS,2025Q2,0.0,,,
NTRS,2025Q3,0.0,,,
NVDA,2023Q1,0.0,,,
NVDA,2023Q2,0.0,,,
NVDA,2023Q3,0.0,,,
NVDA,2023Q4,0.0,,,
NVDA,2024Q1,0.0,,,
NVDA,2024Q2,0.0,,,
NVDA,2024Q3,0.0,,,
NVDA,2024Q4,0.0,,,
NVDA,2025Q1,0.0,,,
NVDA,2025Q2,0.0,,,
NVDA,2025Q3,0.0,,,
NVR,2023Q1,0.0,,,
NVR,2023Q2,0.0,,,
NVR,2023Q3,0.0,,,
NVR,2023Q4,0.0,,,
NVR,2024Q1,0.0,,,
NVR,2024Q2,0.0,,,
NVR,2024Q3,0.0,,,
NVR,2024Q4,0.0,,,
NVR,2025Q1,0.0,,,
NVR,2025Q2,0.0,,,
NVR,2025Q3,0.0,,,
NWS,2023Q1,0.0,,,
NWS,2023Q2,0.0,,,
NWS,2023Q3,0.0,,,
NWS,2023Q4,0.0,,,
NWS,2024Q1,0.0,,,
NWS,2024Q2,0.0,,,
NWS,2024Q3,0.0,,,
NWS,2024Q4,0.0,,,
NWS,2025Q1,0.0,,,
NWS,2025Q2,0.0,,,
NWS,2025Q3,0.0,,,
NXPI,2023Q1,0.0,,,
NXPI,2023Q2,0.0,,,
NXPI,2023Q3,0.0,,,
NXPI,2023Q4,0.0,,,
NXPI,2024Q1,0.0,,,
NXPI,2024Q2,0.0,,,
NXPI,2024Q3,0.0,,,
NXPI,2024Q4,0.0,,,
NXPI,2025Q1,0.0,,,
NXPI,2025Q2,0.0,,,
NXPI,2025Q3,0.0,,,
OKE,2023Q1,0.0,,,
OKE,2023Q2,0.0,,,
OKE,2023Q3,0.0,,,
OKE,2023Q4,0.0,,,
OKE,2024Q1,0.0,,,
OKE,2024Q2,0.0,,,
OKE,2024Q3,0.0,,,
OKE,2024Q4,0.0,,,
OKE,2025Q1,0.0,,,
OKE,2025Q2,0.0,,,
OKE,2025Q3,0.0,,,
OMC,2023Q1,0.0,,,
OMC,2023Q2,0.0,,,
OMC,2023Q3,0.0,,,
OMC,2023Q4,0.0,,,
OMC,2024Q1,0.0,,,
OMC,2024Q2,0.0,,,
OMC,2024Q3,0.0,,,
OMC,2024Q4,0.0,,,
OMC,2025Q1,0.0,,,
OMC,2025Q2,1.0,-0.8571428571428571,1.0,
OMC,2025Q3,1.0,-0.8571428571428571,1.0,
ORCL,2023Q1,0.0,,,
OTIS,2023Q1,0.0,,,
OTIS,2023Q2,0.0,,,
OTIS,2023Q3,0.0,,,
OTIS,2023Q4,0.0,,,
OTIS,2024Q1,0.0,,,
OTIS,2024Q2,0.0,,,
OTIS,2024Q3,0.0,,,
OTIS,2024Q4,0.0,,,
OTIS,2025Q1,0.0,,,
OTIS,2025Q2,0.0,,,
OTIS,2025Q3,0.0,,,
OXY,2023Q2,0.0,,,
OXY,2023Q3,0.0,,,
OXY,2023Q4,0.0,,,
OXY,2024Q1,0.0,,,
OXY,2024Q2,0.0,,,
OXY,2024Q3,0.0,,,
OXY,2024Q4,0.0,,,
OXY,2025Q1,0.0,,,
OXY,2025Q2,0.0,,,
OXY,2025Q3,0.0,,,
PANW,2023Q1,0.0,,,
PANW,2023Q2,0.0,,,
PANW,2023Q3,0.0,,,
PANW,2023Q4,0.0,,,
PANW,2024Q1,0.0,,,
PANW,2024Q2,0.0,,,
PANW,2024Q3,0.0,,,
PANW,2024Q4,0.0,,,
PANW,2025Q1,0.0,,,
PANW,2025Q2,0.0,,,
PANW,2025Q3,0.0,,,
PCAR,2023Q1,0.0,,,
PCAR,2023Q2,0.0,,,
PCG,2023Q1,0.0,,,
PCG,2023Q2,0.0,,,
PCG,2023Q3,0.0,,,
PCG,2023Q4,0.0,,,
PCG,2024Q1,0.0,,,
PCG,2024Q2,0.0,,,
PCG,2024Q3,0.0,,,
PCG,2024Q4,0.0,,,
PCG,2025Q1,0.0,,,
PCG,2025Q2,0.0,,,
PCG,2025Q3,0.0,,,
PEAK,2023Q1,0.0,,,
PEAK,2023Q2,0.0,,,
PEAK,2023Q3,0.0,,,
PEAK,2023Q4,0.0,,,
PEAK,2024Q1,0.0,,,
PEAK,2024Q2,0.0,,,
PEAK,2024Q3,0.0,,,
PEAK,2024Q4,0.0,,,
PEAK,2025Q1,0.0,,,
PEAK,2025Q2,0.0,,,
PEAK,2025Q3,0.0,,,
PEP,2023Q1,0.0,,,
PEP,2023Q2,0.0,,,
PEP,2023Q3,0.0,,,
PEP,2023Q4,0.0,,,
PEP,2024Q1,0.0,,,
PEP,2024Q2,0.0,,,
PEP,2024Q3,0.0,,,
PEP,2024Q4,0.0,,,
PEP,2025Q1,0.0,,,
PEP,2025Q2,0.0,,,
PEP,2025Q3,0.0,,,
PFE,2023Q1,0.0,,,
PFE,2023Q2,0.0,,,
PFE,2023Q3,0.0,,,
PFE,2023Q4,0.0,,,
PFE,2024Q1,0.0,,,
PFE,2024Q2,0.0,,,
PFE,2024Q3,0.0,,,
PFE,2024Q4,0.0,,,
PFE,2025Q1,0.0,,,
PFE,2025Q2,1.0,-0.23076923076923078,1.0,
PFE,2025Q3,0.0,,,
PG,2023Q1,0.0,,,
PG,2023Q2,0.0,,,
PG,2023Q3,0.0,,,
PG,2023Q4,0.0,,,
PG,2024Q1,0.0,,,
PG,2024Q2,0.0,,,
PG,2024Q3,0.0,,,
PG,2024Q4,0.0,,,
PG,2025Q1,0.0,,,
PG,2025Q2,0.0,,,
PG,2025Q3,0.0,,,
PGR,2023Q1,0.0,,,
PGR,2023Q2,0.0,,,
PGR,2023Q3,0.0,,,
PGR,2023Q4,0.0,,,
PGR,2024Q1,0.0,,,
PGR,2024Q2,0.0,,,
PGR,2024Q3,0.0,,,
PGR,2025Q1,0.0,,,
PGR,2025Q2,0.0,,,
PGR,2025Q3,0.0,,,
PH,2023Q1,0.0,,,
PH,2023Q2,0.0,,,
PH,2023Q3,0.0,,,
PH,2023Q4,0.0,,,
PH,2024Q1,0.0,,,
PH,2024Q2,0.0,,,
PH,2024Q3,0.0,,,
PH,2024Q4,0.0,,,
PH,2025Q1,0.0,,,
PH,2025Q2,0.0,,,
PH,2025Q3,0.0,,,
PHM,2023Q1,0.0,,,
PHM,2023Q2,0.0,,,
PHM,2023Q3,0.0,,,
PHM,2023Q4,0.0,,,
PHM,2024Q1,0.0,,,
PHM,2024Q2,0.0,,,
PHM,2024Q3,0.0,,,
PHM,2024Q4,0.0,,,
PHM,2025Q1,0.0,,,
PHM,2025Q2,0.0,,,
PHM,2025Q3,0.0,,,
PKI,2024Q2,0.0,,,
PKI,2024Q3,0.0,,,
PKI,2024Q4,0.0,,,
PKI,2025Q1,0.0,,,
PKI,2025Q2,0.0,,,
PKI,2025Q3,0.0,,,
PLD,2023Q1,0.0,,,
PLTR,2023Q1,0.0,,,
PLTR,2023Q2,0.0,,,
PLTR,2023Q3,0.0,,,
PLTR,2023Q4,0.0,,,
PLTR,2024Q1,0.0,,,
PLTR,2024Q2,0.0,,,
PLTR,2024Q3,0.0,,,
PLTR,2024Q4,0.0,,,
PLTR,2025Q1,0.0,,,
PLTR,2025Q2,0.0,,,
PLTR,2025Q3,0.0,,,
PM,2023Q1,0.0,,,
PM,2023Q2,0.0,,,
PM,2023Q3,0.0,,,
PM,2023Q4,0.0,,,
PM,2024Q1,0.0,,,
PM,2024Q2,0.0,,,
PM,2024Q3,0.0,,,
PM,2024Q4,0.0,,,
PM,2025Q1,0.0,,,
PM,2025Q2,0.0,,,
PM,2025Q3,0.0,,,
PNC,2023Q1,0.0,,,
PNC,2023Q2,0.0,,,
PNC,2023Q3,0.0,,,
PNC,2023Q4,1.0,0.0,0.0,
PNC,2024Q1,1.0,0.0,0.0,
PNC,2024Q2,0.0,,,
PNC,2024Q3,0.0,,,
PNC,2024Q4,0.0,,,
PNC,2025Q1,0.0,,,
PNC,2025Q2,0.0,,,
PNC,2025Q3,0.0,,,
PNR,2023Q1,0.0,,,
PNR,2023Q2,0.0,,,
PNR,2023Q3,0.0,,,
PNR,2023Q4,0.0,,,
PNR,2024Q1,0.0,,,
PNR,2024Q2,0.0,,,
PNR,2024Q3,0.0,,,
PNR,2024Q4,0.0,,,
PNR,2025Q1,0.0,,,
PNR,2025Q2,0.0,,,
PNR,2025Q3,0.0,,,
PNW,2023Q1,0.0,,,
PNW,2023Q2,0.0,,,
PNW,2023Q3,0.0,,,
PNW,2023Q4,0.0,,,
PNW,2024Q1,0.0,,,
PNW,2024Q2,0.0,,,
PNW,2024Q3,0.0,,,
PNW,2024Q4,0.0,,,
PNW,2025Q1,0.0,,,
PNW,2025Q2,0.0,,,
PNW,2025Q3,0.0,,,
PODD,2023Q1,0.0,,,
PODD,2023Q2,0.0,,,
PODD,2023Q3,0.0,,,
PODD,2023Q4,0.0,,,
PODD,2024Q1,0.0,,,
PODD,2024Q2,0.0,,,
PODD,2024Q3,0.0,,,
PODD,2024Q4,0.0,,,
PODD,2025Q1,0.0,,,
PODD,2025Q2,0.0,,,
PODD,2025Q3,0.0,,,
POOL,2023Q1,0.0,,,
POOL,2023Q2,0.0,,,
POOL,2023Q3,0.0,,,
POOL,2023Q4,0.0,,,
POOL,2024Q1,0.0,,,
POOL,2024Q2,0.0,,,
POOL,2024Q3,0.0,,,
POOL,2024Q4,0.0,,,
POOL,2025Q1,0.0,,,
POOL,2025Q2,0.0,,,
POOL,2025Q3,0.0,,,
PPG,2023Q1,0.0,,,
PPG,2023Q2,0.0,,,
PPG,2023Q3,0.0,,,
PPG,2023Q4,0.0,,,
PPG,2024Q1,0.0,,,
PPG,2024Q2,0.0,,,
PPG,2024Q3,0.0,,,
PPG,2024Q4,0.0,,,
PPG,2025Q1,0.0,,,
PPG,2025Q2,0.0,,,
PPG,2025Q3,0.0,,,
PPL,2023Q1,0.0,,,
PPL,2023Q2,0.0,,,
PPL,2023Q3,0.0,,,
PPL,2023Q4,0.0,,,
PPL,2024Q1,0.0,,,
PPL,2024Q2,0.0,,,
PPL,2024Q3,0.0,,,
PPL,2024Q4,0.0,,,
PPL,2025Q1,0.0,,,
PPL,2025Q2,0.0,,,
PPL,2025Q3,0.0,,,
PRE,2023Q1,0.0,,,
PRE,2023Q2,0.0,,,
PRE,2023Q3,0.0,,,
PRE,2023Q4,0.0,,,
PRE,2024Q1,0.0,,,
PRE,2024Q2,0.0,,,
PRE,2024Q3,0.0,,,
PRE,2024Q4,0.0,,,
PRE,2025Q1,0.0,,,
PRE,2025Q2,0.0,,,
PRE,2025Q3,0.0,,,
PRU,2023Q1,0.0,,,
PRU,2023Q2,0.0,,,
PRU,2023Q3,0.0,,,
PRU,2023Q4,0.0,,,
PRU,2024Q1,0.0,,,
PRU,2024Q2,0.0,,,
PRU,2024Q3,0.0,,,
PRU,2024Q4,0.0,,,
PRU,2025Q1,0.0,,,
PRU,2025Q2,0.0,,,
PRU,2025Q3,0.0,,,
PSA,2023Q1,0.0,,,
PSA,2023Q2,0.0,,,
PSA,2023Q3,0.0,,,
PSA,2023Q4,0.0,,,
PSA,2024Q1,0.0,,,
PSA,2024Q2,0.0,,,
PSA,2024Q3,0.0,,,
PSA,2024Q4,0.0,,,
PSA,2025Q1,0.0,,,
PSA,2025Q2,0.0,,,
PSA,2025Q3,0.0,,,
PSX,2023Q1,0.0,,,
PSX,2023Q2,0.0,,,
PSX,2023Q3,0.0,,,
PSX,2023Q4,0.0,,,
PSX,2024Q2,0.0,,,
PSX,2024Q3,0.0,,,
PSX,2024Q4,0.0,,,
PSX,2025Q1,0.0,,,
PSX,2025Q2,0.0,,,
PSX,2025Q3,0.0,,,
PYPL,2023Q1,0.0,,,
PYPL,2023Q2,0.0,,,
PYPL,2023Q3,0.0,,,
PYPL,2023Q4,0.0,,,
PYPL,2024Q1,0.0,,,
PYPL,2024Q3,0.0,,,
PYPL,2024Q4,0.0,,,
PYPL,2025Q1,0.0,,,
PYPL,2025Q2,0.0,,,
PYPL,2025Q3,0.0,,,
QCOM,2023Q1,0.0,,,
QCOM,2023Q2,0.0,,,
QCOM,2023Q3,0.0,,,
QCOM,2023Q4,0.0,,,
QCOM,2024Q1,0.0,,,
QCOM,2024Q2,0.0,,,
QCOM,2024Q3,0.0,,,
QCOM,2024Q4,0.0,,,
QCOM,2025Q1,0.0,,,
QCOM,2025Q2,0.0,,,
QCOM,2025Q3,0.0,,,
RCL,2023Q1,0.0,,,
RCL,2023Q2,0.0,,,
RCL,2023Q3,0.0,,,
RCL,2023Q4,0.0,,,
RCL,2024Q1,0.0,,,
RCL,2024Q2,0.0,,,
RCL,2024Q3,0.0,,,
RCL,2024Q4,0.0,,,
RCL,2025Q1,0.0,,,
RCL,2025Q2,0.0,,,
RCL,2025Q3,0.0,,,
RE,2023Q1,1.0,-0.5,1.0,
RE,2023Q2,1.0,-0.5,1.0,
REGN,2023Q1,0.0,,,
REGN,2023Q2,0.0,,,
REGN,2023Q3,0.0,,,
REGN,2023Q4,0.0,,,
REGN,2024Q1,0.0,,,
REGN,2024Q2,0.0,,,
REGN,2024Q3,0.0,,,
REGN,2024Q4,0.0,,,
REGN,2025Q1,0.0,,,
REGN,2025Q2,0.0,,,
REGN,2025Q3,0.0,,,
RF,2023Q1,0.0,,,
RF,2023Q2,0.0,,,
RF,2023Q3,0.0,,,
RF,2023Q4,0.0,,,
RF,2024Q1,0.0,,,
RF,2024Q2,0.0,,,
RF,2024Q3,0.0,,,
RF,2024Q4,0.0,,,
RF,2025Q1,0.0,,,
RF,2025Q2,0.0,,,
RF,2025Q3,0.0,,,
RJF,2023Q1,0.0,,,
RJF,2023Q2,0.0,,,
RJF,2023Q3,0.0,,,
RJF,2023Q4,0.0,,,
RJF,2024Q1,0.0,,,
RJF,2024Q2,0.0,,,
RJF,2024Q3,0.0,,,
RJF,2024Q4,0.0,,,
RJF,2025Q1,0.0,,,
RJF,2025Q2,0.0,,,
RJF,2025Q3,0.0,,,
RL,2023Q1,0.0,,,
RL,2023Q2,0.0,,,
RL,2023Q3,0.0,,,
RL,2023Q4,0.0,,,
RL,2024Q1,0.0,,,
RL,2024Q2,0.0,,,
RL,2024Q3,0.0,,,
RL,2024Q4,0.0,,,
RL,2025Q1,0.0,,,
RL,2025Q2,0.0,,,
RL,2025Q3,0.0,,,
ROK,2023Q1,0.0,,,
ROK,2023Q2,0.0,,,
ROK,2023Q3,0.0,,,
ROK,2023Q4,0.0,,,
ROK,2024Q1,0.0,,,
ROK,2024Q2,0.0,,,
ROK,2024Q3,0.0,,,
ROK,2024Q4,0.0,,,
ROK,2025Q1,0.0,,,
ROK,2025Q2,0.0,,,
ROK,2025Q3,0.0,,,
ROL,2023Q2,0.0,,,
ROL,2023Q3,0.0,,,
ROL,2023Q4,0.0,,,
ROL,2024Q1,0.0,,,
ROL,2024Q2,0.0,,,
ROL,2024Q3,0.0,,,
ROL,2024Q4,0.0,,,
ROL,2025Q1,0.0,,,
ROL,2025Q2,0.0,,,
ROL,2025Q3,0.0,,,
ROP,2023Q1,0.0,,,
ROP,2023Q2,0.0,,,
ROP,2023Q3,0.0,,,
ROP,2023Q4,0.0,,,
ROP,2024Q1,0.0,,,
ROP,2024Q2,0.0,,,
ROP,2024Q3,0.0,,,
ROP,2024Q4,0.0,,,
ROP,2025Q1,0.0,,,
ROP,2025Q2,0.0,,,
ROP,2025Q3,0.0,,,
ROST,2023Q1,0.0,,,
ROST,2023Q2,0.0,,,
ROST,2023Q3,0.0,,,
ROST,2023Q4,0.0,,,
ROST,2024Q1,0.0,,,
ROST,2024Q2,0.0,,,
ROST,2024Q3,0.0,,,
ROST,2024Q4,0.0,,,
ROST,2025Q1,0.0,,,
ROST,2025Q2,0.0,,,
ROST,2025Q3,0.0,,,
RSG,2023Q1,0.0,,,
RSG,2023Q2,0.0,,,
RSG,2023Q3,0.0,,,
RSG,2023Q4,0.0,,,
RSG,2024Q1,0.0,,,
RSG,2024Q2,0.0,,,
RSG,2024Q3,0.0,,,
RSG,2024Q4,0.0,,,
RSG,2025Q1,0.0,,,
RSG,2025Q2,0.0,,,
RSG,2025Q3,0.0,,,
RTX,2023Q1,0.0,,,
RTX,2023Q2,0.0,,,
RTX,2023Q3,0.0,,,
RTX,2023Q4,0.0,,,
RTX,2024Q1,0.0,,,
RTX,2024Q2,0.0,,,
RTX,2024Q3,0.0,,,
RTX,2024Q4,0.0,,,
RTX,2025Q1,0.0,,,
RTX,2025Q2,0.0,,,
RTX,2025Q3,0.0,,,
SBUX,2023Q1,0.0,,,
SBUX,2023Q2,0.0,,,
SBUX,2023Q3,0.0,,,
SBUX,2023Q4,0.0,,,
SBUX,2024Q1,0.0,,,
SBUX,2024Q2,0.0,,,
SBUX,2024Q3,0.0,,,
SBUX,2024Q4,0.0,,,
SBUX,2025Q1,0.0,,,
SBUX,2025Q2,0.0,,,
SBUX,2025Q3,0.0,,,
SCHW,2023Q1,0.0,,,
SCHW,2023Q2,0.0,,,
SCHW,2023Q3,0.0,,,
SCHW,2023Q4,0.0,,,
SCHW,2024Q1,0.0,,,
SCHW,2024Q2,0.0,,,
SCHW,2024Q3,0.0,,,
SCHW,2024Q4,0.0,,,
SCHW,2025Q1,0.0,,,
SCHW,2025Q2,0.0,,,
SCHW,2025Q3,0.0,,,
SHW,2023Q1,0.0,,,
SHW,2023Q2,0.0,,,
SHW,2023Q3,0.0,,,
SHW,2023Q4,0.0,,,
SHW,2024Q1,0.0,,,
SHW,2024Q2,0.0,,,
SHW,2024Q3,0.0,,,
SHW,2024Q4,0.0,,,
SHW,2025Q1,0.0,,,
SHW,2025Q2,0.0,,,
SHW,2025Q3,0.0,,,
SJM,2023Q1,0.0,,,
SJM,2023Q2,0.0,,,
SJM,2023Q3,0.0,,,
SJM,2023Q4,0.0,,,
SJM,2024Q1,0.0,,,
SJM,2024Q2,0.0,,,
SJM,2024Q3,0.0,,,
SJM,2024Q4,0.0,,,
SJM,2025Q1,0.0,,,
SJM,2025Q2,0.0,,,
SJM,2025Q3,0.0,,,
SMCI,2023Q1,0.0,,,
SMCI,2023Q2,0.0,,,
SMCI,2023Q3,0.0,,,
SMCI,2023Q4,0.0,,,
SMCI,2024Q1,0.0,,,
SMCI,2024Q2,0.0,,,
SMCI,2024Q3,0.0,,,
SMCI,2024Q4,0.0,,,
SMCI,2025Q1,0.0,,,
SMCI,2025Q2,0.0,,,
SMCI,2025Q3,0.0,,,
SNA,2024Q2,0.0,,,
SNA,2024Q3,0.0,,,
SNA,2024Q4,0.0,,,
SNA,2025Q1,0.0,,,
SNA,2025Q2,0.0,,,
SNA,2025Q3,0.0,,,
SO,2023Q1,0.0,,,
SO,2023Q2,0.0,,,
SO,2023Q3,0.0,,,
SO,2023Q4,0.0,,,
SO,2024Q1,0.0,,,
SO,2024Q2,0.0,,,
SO,2024Q3,0.0,,,
SO,2024Q4,0.0,,,
SO,2025Q1,0.0,,,
SO,2025Q2,0.0,,,
SO,2025Q3,0.0,,,
SOLV,2024Q2,0.0,,,
SOLV,2024Q3,0.0,,,
SOLV,2024Q4,0.0,,,
SOLV,2025Q1,0.0,,,
SOLV,2025Q2,0.0,,,
SOLV,2025Q3,0.0,,,
SPGI,2023Q1,0.0,,,
SPGI,2023Q2,0.0,,,
SPGI,2023Q3,0.0,,,
SPGI,2023Q4,0.0,,,
SPGI,2024Q1,0.0,,,
SPGI,2024Q2,0.0,,,
SPGI,2024Q3,0.0,,,
SPGI,2024Q4,0.0,,,
SPGI,2025Q1,0.0,,,
SPGI,2025Q2,0.0,,,
SPGI,2025Q3,0.0,,,
STE,2023Q1,0.0,,,
STE,2023Q2,0.0,,,
STE,2023Q3,0.0,,,
STE,2023Q4,0.0,,,
STE,2024Q1,0.0,,,
STE,2024Q2,1.0,-0.7575757575757576,1.0,-0.7575757575757576
STE,2024Q3,0.0,,,
STE,2024Q4,0.0,,,
STE,2025Q1,0.0,,,
STE,2025Q2,0.0,,,
STE,2025Q3,0.0,,,
STT,2024Q2,0.0,,,
STT,2024Q3,0.0,,,
STT,2024Q4,0.0,,,
STT,2025Q1,0.0,,,
STT,2025Q2,0.0,,,
STT,2025Q3,0.0,,,
STX,2023Q1,0.0,,,
STX,2023Q2,0.0,,,
STX,2023Q3,0.0,,,
STX,2023Q4,0.0,,,
STX,2024Q1,0.0,,,
STX,2024Q2,0.0,,,
STX,2024Q3,0.0,,,
STX,2024Q4,0.0,,,
STX,2025Q1,0.0,,,
STX,2025Q2,0.0,,,
STX,2025Q3,0.0,,,
STZ,2023Q1,0.0,,,
STZ,2023Q2,0.0,,,
STZ,2023Q4,0.0,,,
STZ,2024Q1,0.0,,,
STZ,2024Q2,0.0,,,
STZ,2024Q3,0.0,,,
STZ,2024Q4,0.0,,,
STZ,2025Q1,0.0,,,
STZ,2025Q2,0.0,,,
STZ,2025Q3,0.0,,,
SWK,2023Q1,0.0,,,
SWK,2023Q2,0.0,,,
SWK,2023Q3,0.0,,,
SWK,2023Q4,0.0,,,
SWK,2024Q1,0.0,,,
SWK,2024Q2,0.0,,,
SWK,2024Q3,0.0,,,
SWK,2024Q4,0.0,,,
SWK,2025Q1,0.0,,,
SWK,2025Q2,0.0,,,
SWK,2025Q3,0.0,,,
SWKS,2023Q1,0.0,,,
SWKS,2023Q2,0.0,,,
SWKS,2023Q3,0.0,,,
SWKS,2023Q4,0.0,,,
SWKS,2024Q1,0.0,,,
SWKS,2024Q2,0.0,,,
SWKS,2024Q3,0.0,,,
SWKS,2024Q4,0.0,,,
SWKS,2025Q1,0.0,,,
SWKS,2025Q2,0.0,,,
SWKS,2025Q3,0.0,,,
SYF,2023Q1,0.0,,,
SYF,2023Q2,0.0,,,
SYF,2023Q3,0.0,,,
SYF,2023Q4,0.0,,,
SYF,2024Q1,0.0,,,
SYF,2024Q2,0.0,,,
SYF,2024Q3,0.0,,,
SYF,2024Q4,0.0,,,
SYF,2025Q1,0.0,,,
SYF,2025Q2,0.0,,,
SYF,2025Q3,0.0,,,
SYK,2023Q1,0.0,,,
SYK,2023Q2,0.0,,,
SYK,2023Q3,0.0,,,
SYK,2023Q4,0.0,,,
SYK,2024Q1,0.0,,,
SYK,2024Q2,0.0,,,
SYK,2024Q3,0.0,,,
SYK,2024Q4,0.0,,,
SYK,2025Q1,0.0,,,
SYK,2025Q2,0.0,,,
SYK,2025Q3,0.0,,,
SYY,2023Q1,0.0,,,
SYY,2023Q2,0.0,,,
SYY,2023Q3,0.0,,,
SYY,2023Q4,0.0,,,
SYY,2024Q1,0.0,,,
SYY,2024Q2,0.0,,,
SYY,2024Q3,0.0,,,
SYY,2024Q4,0.0,,,
SYY,2025Q1,0.0,,,
SYY,2025Q2,0.0,,,
SYY,2025Q3,0.0,,,
TAP,2024Q2,0.0,,,
TAP,2024Q3,0.0,,,
TAP,2024Q4,0.0,,,
TAP,2025Q1,0.0,,,
TAP,2025Q2,0.0,,,
TAP,2025Q3,0.0,,,
TDG,2023Q1,0.0,,,
TDG,2023Q2,0.0,,,
TDG,2023Q3,0.0,,,
TDG,2023Q4,0.0,,,
TDG,2024Q1,0.0,,,
TDG,2024Q2,0.0,,,
TDG,2024Q3,0.0,,,
TDG,2024Q4,0.0,,,
TDG,2025Q1,0.0,,,
TDG,2025Q2,0.0,,,
TDG,2025Q3,0.0,,,
TDY,2023Q1,0.0,,,
TDY,2023Q2,0.0,,,
TDY,2023Q3,0.0,,,
TDY,2023Q4,0.0,,,
TDY,2024Q1,0.0,,,
TDY,2024Q2,0.0,,,
TDY,2024Q3,0.0,,,
TDY,2024Q4,0.0,,,
TDY,2025Q1,0.0,,,
TDY,2025Q2,0.0,,,
TDY,2025Q3,0.0,,,
TFC,2023Q1,0.0,,,
TFC,2023Q2,0.0,,,
TFC,2023Q3,0.0,,,
TFC,2023Q4,0.0,,,
TFC,2024Q1,0.0,,,
TFC,2024Q2,0.0,,,
TFC,2024Q3,0.0,,,
TFC,2024Q4,0.0,,,
TFC,2025Q1,0.0,,,
TFC,2025Q2,0.0,,,
TFC,2025Q3,0.0,,,
TGT,2023Q1,0.0,,,
TGT,2023Q2,0.0,,,
TGT,2023Q3,0.0,,,
TGT,2023Q4,0.0,,,
TGT,2024Q1,0.0,,,
TGT,2024Q2,0.0,,,
TGT,2024Q3,0.0,,,
TGT,2024Q4,0.0,,,
TGT,2025Q1,0.0,,,
TGT,2025Q2,0.0,,,
TGT,2025Q3,0.0,,,
TJX,2024Q1,0.0,,,
TJX,2024Q2,0.0,,,
TJX,2024Q3,0.0,,,
TJX,2024Q4,0.0,,,
TJX,2025Q1,0.0,,,
TJX,2025Q2,0.0,,,
TJX,2025Q3,0.0,,,
TKO,2024Q1,0.0,,,
TKO,2024Q2,0.0,,,
TKO,2024Q3,0.0,,,
TMO,2023Q1,0.0,,,
TMO,2023Q2,0.0,,,
TMO,2023Q3,0.0,,,
TMO,2023Q4,0.0,,,
TMO,2024Q1,0.0,,,
TMO,2024Q2,0.0,,,
TMO,2024Q3,0.0,,,
TMO,2024Q4,0.0,,,
TMO,2025Q1,0.0,,,
TMO,2025Q2,0.0,,,
TMO,2025Q3,0.0,,,
TMUS,2023Q1,0.0,,,
TMUS,2023Q2,0.0,,,
TMUS,2023Q3,0.0,,,
TMUS,2023Q4,0.0,,,
TMUS,2024Q1,0.0,,,
TMUS,2024Q2,0.0,,,
TMUS,2024Q3,0.0,,,
TMUS,2024Q4,0.0,,,
TMUS,2025Q1,0.0,,,
TMUS,2025Q2,0.0,,,
TMUS,2025Q3,0.0,,,
TPL,2023Q1,0.0,,,
TPL,2023Q2,0.0,,,
TPL,2023Q3,0.0,,,
TPL,2023Q4,0.0,,,
TPL,2024Q1,0.0,,,
TPL,2024Q2,0.0,,,
TPL,2024Q3,0.0,,,
TPL,2024Q4,0.0,,,
TPL,2025Q1,0.0,,,
TPL,2025Q2,0.0,,,
TPL,2025Q3,0.0,,,
TRMB,2023Q1,0.0,,,
TRMB,2023Q2,0.0,,,
TRMB,2023Q3,0.0,,,
TRMB,2023Q4,0.0,,,
TRMB,2024Q1,0.0,,,
TRMB,2024Q2,0.0,,,
TRMB,2024Q3,0.0,,,
TRMB,2024Q4,0.0,,,
TRMB,2025Q1,0.0,,,
TRMB,2025Q2,0.0,,,
TRMB,2025Q3,0.0,,,
TROW,2023Q1,0.0,,,
TROW,2023Q2,0.0,,,
TROW,2023Q3,0.0,,,
TROW,2023Q4,0.0,,,
TROW,2024Q1,0.0,,,
TROW,2024Q2,1.0,-1.0,1.0,
TROW,2024Q3,1.0,-1.0,1.0,
TROW,2024Q4,1.0,-1.0,1.0,
TROW,2025Q1,1.0,-1.0,1.0,
TROW,2025Q2,1.0,-1.0,1.0,
TROW,2025Q3,0.0,,,
TRV,2023Q1,0.0,,,
TRV,2023Q2,0.0,,,
TRV,2023Q3,0.0,,,
TRV,2023Q4,0.0,,,
TRV,2024Q1,0.0,,,
TRV,2024Q2,0.0,,,
TRV,2024Q3,0.0,,,
TRV,2024Q4,0.0,,,
TRV,2025Q1,0.0,,,
TRV,2025Q2,0.0,,,
TRV,2025Q3,0.0,,,
TSCO,2023Q1,0.0,,,
TSCO,2023Q2,0.0,,,
TSCO,2023Q3,0.0,,,
TSCO,2023Q4,0.0,,,
TSCO,2024Q1,0.0,,,
TSCO,2024Q2,0.0,,,
TSCO,2024Q3,0.0,,,
TSCO,2024Q4,0.0,,,
TSCO,2025Q1,0.0,,,
TSCO,2025Q2,0.0,,,
TSCO,2025Q3,0.0,,,
TSLA,2023Q1,0.0,,,
TSLA,2023Q2,0.0,,,
TSLA,2023Q4,0.0,,,
TSLA,2024Q3,0.0,,,
TSLA,2024Q4,0.0,,,
TSLA,2025Q1,0.0,,,
TSLA,2025Q2,0.0,,,
TSLA,2025Q3,0.0,,,
TSN,2023Q1,0.0,,,
TSN,2023Q2,0.0,,,
TSN,2023Q3,0.0,,,
TSN,2023Q4,0.0,,,
TSN,2024Q1,0.0,,,
TSN,2024Q2,0.0,,,
TSN,2024Q3,0.0,,,
TSN,2024Q4,0.0,,,
TSN,2025Q1,0.0,,,
TSN,2025Q2,0.0,,,
TSN,2025Q3,0.0,,,
TT,2023Q1,0.0,,,
TT,2023Q2,0.0,,,
TT,2023Q3,0.0,,,
TT,2023Q4,0.0,,,
TT,2024Q1,0.0,,,
TT,2024Q2,0.0,,,
TT,2024Q3,0.0,,,
TT,2024Q4,0.0,,,
TT,2025Q1,0.0,,,
TT,2025Q2,0.0,,,
TT,2025Q3,0.0,,,
TTD,2024Q2,0.0,,,
TTD,2024Q3,0.0,,,
TTD,2024Q4,0.0,,,
TTD,2025Q1,0.0,,,
TTD,2025Q2,0.0,,,
TTD,2025Q3,0.0,,,
TTWO,2023Q2,0.0,,,
TTWO,2023Q3,0.0,,,
TTWO,2023Q4,0.0,,,
TTWO,2024Q1,0.0,,,
TTWO,2024Q2,0.0,,,
TTWO,2024Q3,0.0,,,
TTWO,2024Q4,0.0,,,
TTWO,2025Q1,0.0,,,
TTWO,2025Q2,0.0,,,
TTWO,2025Q3,0.0,,,
TXN,2023Q1,0.0,,,
TXN,2023Q2,0.0,,,
TXN,2023Q3,0.0,,,
TXN,2023Q4,0.0,,,
TXN,2024Q1,0.0,,,
TXN,2024Q2,0.0,,,
TXN,2024Q3,0.0,,,
TXN,2024Q4,0.0,,,
TXN,2025Q1,0.0,,,
TXN,2025Q2,0.0,,,
TXN,2025Q3,0.0,,,
TXT,2023Q1,0.0,,,
TXT,2023Q2,0.0,,,
TXT,2023Q3,0.0,,,
TXT,2023Q4,0.0,,,
TXT,2024Q1,0.0,,,
TXT,2024Q2,0.0,,,
TXT,2024Q3,0.0,,,
TXT,2024Q4,0.0,,,
TXT,2025Q1,0.0,,,
TXT,2025Q2,0.0,,,
TXT,2025Q3,0.0,,,
TYL,2023Q1,0.0,,,
TYL,2023Q2,0.0,,,
TYL,2023Q3,0.0,,,
TYL,2023Q4,0.0,,,
TYL,2024Q1,0.0,,,
TYL,2024Q2,0.0,,,
TYL,2024Q3,0.0,,,
TYL,2024Q4,0.0,,,
TYL,2025Q1,0.0,,,
TYL,2025Q2,0.0,,,
TYL,2025Q3,0.0,,,
UAL,2023Q1,0.0,,,
UAL,2023Q2,0.0,,,
UAL,2023Q3,0.0,,,
UAL,2023Q4,0.0,,,
UAL,2024Q1,0.0,,,
UAL,2024Q2,0.0,,,
UAL,2024Q3,0.0,,,
UAL,2024Q4,0.0,,,
UAL,2025Q1,0.0,,,
UAL,2025Q2,0.0,,,
UAL,2025Q3,1.0,-1.0,1.0,
UBER,2023Q1,0.0,,,
UBER,2023Q2,0.0,,,
UBER,2023Q3,0.0,,,
UBER,2023Q4,1.0,-1.0,1.0,-1.0
UBER,2024Q1,0.0,,,
UBER,2024Q2,0.0,,,
UBER,2024Q3,0.0,,,
UBER,2024Q4,0.0,,,
UBER,2025Q1,0.0,,,
UBER,2025Q2,0.0,,,
UBER,2025Q3,0.0,,,
UNH,2023Q1,0.0,,,
UNH,2023Q2,0.0,,,
UNH,2023Q3,0.0,,,
UNH,2023Q4,0.0,,,
UNH,2024Q1,0.0,,,
UNH,2024Q2,0.0,,,
UNH,2024Q3,0.0,,,
UNH,2024Q4,0.0,,,
UNH,2025Q1,0.0,,,
UNH,2025Q2,0.0,,,
UNH,2025Q3,0.0,,,
UNP,2025Q1,0.0,,,
UNP,2025Q2,0.0,,,
UNP,2025Q3,0.0,,,
UPS,2023Q1,0.0,,,
UPS,2023Q2,0.0,,,
UPS,2023Q3,0.0,,,
UPS,2023Q4,0.0,,,
UPS,2024Q1,0.0,,,
UPS,2024Q2,0.0,,,
UPS,2024Q3,0.0,,,
UPS,2024Q4,0.0,,,
UPS,2025Q1,0.0,,,
UPS,2025Q2,0.0,,,
UPS,2025Q3,0.0,,,
URI,2023Q1,0.0,,,
URI,2023Q2,0.0,,,
URI,2023Q3,0.0,,,
URI,2023Q4,0.0,,,
URI,2024Q1,0.0,,,
URI,2024Q2,0.0,,,
URI,2024Q3,0.0,,,
URI,2024Q4,0.0,,,
URI,2025Q1,0.0,,,
URI,2025Q2,0.0,,,
URI,2025Q3,0.0,,,
USB,2024Q1,0.0,,,
USB,2024Q2,0.0,,,
USB,2024Q3,0.0,,,
USB,2024Q4,0.0,,,
USB,2025Q1,0.0,,,
USB,2025Q2,0.0,,,
USB,2025Q3,0.0,,,
VICI,2023Q1,0.0,,,
VICI,2023Q2,0.0,,,
VICI,2023Q3,0.0,,,
VICI,2023Q4,0.0,,,
VICI,2024Q1,0.0,,,
VICI,2024Q2,0.0,,,
VICI,2024Q3,0.0,,,
VICI,2024Q4,0.0,,,
VICI,2025Q1,0.0,,,
VICI,2025Q2,0.0,,,
VICI,2025Q3,0.0,,,
VLO,2023Q1,0.0,,,
VLO,2023Q2,0.0,,,
VLO,2023Q3,0.0,,,
VLO,2023Q4,0.0,,,
VLO,2024Q1,0.0,,,
VLO,2024Q2,0.0,,,
VLO,2024Q3,0.0,,,
VLO,2024Q4,0.0,,,
VLO,2025Q1,0.0,,,
VLO,2025Q2,0.0,,,
VLO,2025Q3,0.0,,,
VLTO,2023Q4,0.0,,,
VLTO,2024Q1,0.0,,,
VLTO,2024Q2,0.0,,,
VLTO,2024Q3,0.0,,,
VLTO,2024Q4,0.0,,,
VLTO,2025Q1,0.0,,,
VLTO,2025Q2,0.0,,,
VLTO,2025Q3,0.0,,,
VRSN,2023Q1,0.0,,,
VRSN,2023Q2,0.0,,,
VRSN,2023Q3,0.0,,,
VRSN,2023Q4,0.0,,,
VRSN,2024Q1,0.0,,,
VRSN,2024Q2,0.0,,,
VRSN,2024Q3,0.0,,,
VRSN,2024Q4,0.0,,,
VRSN,2025Q1,0.0,,,
VRSN,2025Q2,0.0,,,
VRSN,2025Q3,0.0,,,
VRTX,2023Q1,0.0,,,
VRTX,2023Q2,0.0,,,
VRTX,2023Q3,0.0,,,
VRTX,2023Q4,0.0,,,
VRTX,2024Q1,0.0,,,
VRTX,2024Q2,0.0,,,
VRTX,2024Q3,0.0,,,
VRTX,2024Q4,0.0,,,
VRTX,2025Q1,0.0,,,
VRTX,2025Q2,0.0,,,
VRTX,2025Q3,0.0,,,
VTR,2024Q2,0.0,,,
VTR,2024Q3,0.0,,,
VTR,2024Q4,0.0,,,
VTR,2025Q1,0.0,,,
VTR,2025Q3,0.0,,,
VTRS,2023Q1,0.0,,,
VTRS,2023Q2,0.0,,,
VTRS,2023Q3,0.0,,,
VTRS,2023Q4,0.0,,,
VTRS,2024Q1,0.0,,,
VTRS,2024Q2,0.0,,,
VTRS,2024Q3,0.0,,,
VTRS,2024Q4,0.0,,,
VTRS,2025Q1,0.0,,,
VTRS,2025Q2,0.0,,,
VTRS,2025Q3,0.0,,,
VZ,2023Q2,2.0,0.5,0.0,
VZ,2023Q3,3.0,0.6666666666666666,0.0,
VZ,2023Q4,3.0,0.6666666666666666,0.0,
VZ,2024Q1,3.0,0.6666666666666666,0.0,
VZ,2024Q2,3.0,0.6666666666666666,0.0,
VZ,2024Q3,3.0,0.6666666666666666,0.0,
VZ,2024Q4,3.0,0.6666666666666666,0.0,
VZ,2025Q1,3.0,0.6666666666666666,0.0,
VZ,2025Q2,2.0,0.5,0.0,
VZ,2025Q3,2.0,0.5,0.0,
WAB,2023Q1,1.0,-1.0,1.0,
WAB,2023Q2,1.0,-1.0,1.0,
WAB,2023Q3,1.0,-1.0,1.0,
WAB,2023Q4,1.0,-1.0,1.0,
WAB,2024Q1,1.0,-1.0,1.0,
WAB,2024Q2,1.0,-1.0,1.0,
WAB,2024Q3,1.0,-1.0,1.0,
WAB,2024Q4,1.0,-1.0,1.0,
WAB,2025Q1,1.0,-1.0,1.0,
WAB,2025Q2,1.0,-1.0,1.0,
WAB,2025Q3,1.0,-1.0,1.0,
WDAY,2023Q1,0.0,,,
WDAY,2023Q2,0.0,,,
WDAY,2023Q3,0.0,,,
WDAY,2023Q4,0.0,,,
WDAY,2024Q1,0.0,,,
WDAY,2024Q2,0.0,,,
WDAY,2024Q3,0.0,,,
WDAY,2024Q4,0.0,,,
WDAY,2025Q1,0.0,,,
WDAY,2025Q2,0.0,,,
WDAY,2025Q3,0.0,,,
WDC,2023Q1,0.0,,,
WDC,2023Q2,0.0,,,
WDC,2023Q3,0.0,,,
WDC,2023Q4,0.0,,,
WDC,2024Q1,0.0,,,
WDC,2024Q2,0.0,,,
WDC,2024Q3,0.0,,,
WDC,2024Q4,0.0,,,
WDC,2025Q1,0.0,,,
WDC,2025Q2,0.0,,,
WDC,2025Q3,0.0,,,
WEC,2023Q1,0.0,,,
WEC,2023Q2,0.0,,,
WEC,2023Q3,0.0,,,
WEC,2023Q4,0.0,,,
WEC,2024Q1,0.0,,,
WEC,2024Q2,0.0,,,
WEC,2024Q3,0.0,,,
WEC,2024Q4,0.0,,,
WEC,2025Q1,0.0,,,
WEC,2025Q2,0.0,,,
WEC,2025Q3,0.0,,,
WELL,2023Q1,0.0,,,
WELL,2023Q2,0.0,,,
WELL,2023Q3,0.0,,,
WELL,2023Q4,0.0,,,
WELL,2024Q1,0.0,,,
WELL,2024Q2,0.0,,,
WELL,2024Q3,0.0,,,
WELL,2024Q4,0.0,,,
WELL,2025Q1,0.0,,,
WELL,2025Q2,0.0,,,
WELL,2025Q3,0.0,,,
WFC,2023Q3,0.0,,,
WFC,2023Q4,0.0,,,
WFC,2024Q1,0.0,,,
WFC,2024Q2,0.0,,,
WFC,2024Q3,0.0,,,
WFC,2024Q4,0.0,,,
WFC,2025Q1,0.0,,,
WFC,2025Q2,0.0,,,
WFC,2025Q3,0.0,,,
WMB,2023Q1,0.0,,,
WMB,2023Q2,0.0,,,
WMB,2023Q3,0.0,,,
WMB,2023Q4,0.0,,,
WMB,2024Q1,0.0,,,
WMB,2024Q2,0.0,,,
WMB,2024Q3,0.0,,,
WMB,2024Q4,0.0,,,
WMB,2025Q1,0.0,,,
WMB,2025Q2,0.0,,,
WMB,2025Q3,0.0,,,
WMT,2023Q1,0.0,,,
WMT,2023Q2,0.0,,,
WMT,2023Q3,0.0,,,
WMT,2023Q4,0.0,,,
WMT,2024Q1,0.0,,,
WMT,2024Q2,0.0,,,
WMT,2024Q3,0.0,,,
WMT,2024Q4,0.0,,,
WMT,2025Q1,0.0,,,
WMT,2025Q2,0.0,,,
WMT,2025Q3,0.0,,,
WRB,2023Q1,0.0,,,
WRB,2023Q2,0.0,,,
WRB,2023Q3,0.0,,,
WRB,2023Q4,0.0,,,
WRB,2024Q1,0.0,,,
WRB,2024Q2,0.0,,,
WRB,2024Q3,0.0,,,
WRB,2024Q4,0.0,,,
WRB,2025Q1,0.0,,,
WRB,2025Q2,0.0,,,
WRB,2025Q3,0.0,,,
WSM,2023Q1,0.0,,,
WSM,2023Q2,0.0,,,
WSM,2023Q3,0.0,,,
WSM,2023Q4,0.0,,,
WSM,2024Q1,0.0,,,
WSM,2024Q2,0.0,,,
WSM,2024Q3,0.0,,,
WSM,2024Q4,0.0,,,
WSM,2025Q1,0.0,,,
WSM,2025Q2,0.0,,,
WSM,2025Q3,0.0,,,
WST,2023Q1,0.0,,,
WST,2023Q2,0.0,,,
WST,2023Q3,0.0,,,
WST,2023Q4,0.0,,,
WST,2024Q1,0.0,,,
WST,2024Q2,0.0,,,
WST,2024Q3,0.0,,,
WST,2024Q4,0.0,,,
WST,2025Q1,0.0,,,
WST,2025Q2,0.0,,,
WST,2025Q3,0.0,,,
WYNN,2023Q1,0.0,,,
WYNN,2023Q2,0.0,,,
WYNN,2023Q3,0.0,,,
WYNN,2023Q4,0.0,,,
WYNN,2024Q1,0.0,,,
WYNN,2024Q2,0.0,,,
WYNN,2024Q3,0.0,,,
WYNN,2024Q4,0.0,,,
WYNN,2025Q1,0.0,,,
WYNN,2025Q2,0.0,,,
WYNN,2025Q3,0.0,,,
XEL,2023Q1,0.0,,,
XEL,2023Q2,0.0,,,
XEL,2023Q3,0.0,,,
XEL,2023Q4,0.0,,,
XEL,2024Q1,0.0,,,
XEL,2024Q2,0.0,,,
XEL,2024Q3,0.0,,,
XEL,2024Q4,0.0,,,
XEL,2025Q1,0.0,,,
XEL,2025Q2,0.0,,,
XEL,2025Q3,0.0,,,
XOM,2023Q1,0.0,,,
XOM,2023Q2,0.0,,,
XOM,2023Q3,0.0,,,
XOM,2023Q4,0.0,,,
XOM,2024Q1,0.0,,,
XOM,2024Q2,0.0,,,
XOM,2024Q3,0.0,,,
XOM,2024Q4,0.0,,,
XOM,2025Q1,0.0,,,
XOM,2025Q2,0.0,,,
XOM,2025Q3,0.0,,,
XYL,2023Q1,0.0,,,
XYL,2023Q2,0.0,,,
XYL,2023Q3,0.0,,,
XYL,2023Q4,0.0,,,
XYL,2024Q1,0.0,,,
XYL,2024Q2,0.0,,,
XYL,2024Q3,0.0,,,
XYL,2024Q4,0.0,,,
XYL,2025Q1,0.0,,,
XYL,2025Q2,0.0,,,
XYL,2025Q3,0.0,,,
YUM,2023Q1,0.0,,,
YUM,2023Q2,0.0,,,
YUM,2023Q3,0.0,,,
YUM,2023Q4,0.0,,,
YUM,2024Q1,0.0,,,
YUM,2024Q2,0.0,,,
YUM,2024Q3,0.0,,,
YUM,2024Q4,0.0,,,
YUM,2025Q1,0.0,,,
YUM,2025Q2,0.0,,,
YUM,2025Q3,0.0,,,
ZBRA,2023Q1,0.0,,,
ZBRA,2023Q2,0.0,,,
ZBRA,2023Q3,0.0,,,
ZBRA,2023Q4,0.0,,,
ZBRA,2024Q1,0.0,,,
ZBRA,2024Q2,0.0,,,
ZBRA,2024Q3,0.0,,,
ZBRA,2024Q4,0.0,,,
ZBRA,2025Q1,0.0,,,
ZBRA,2025Q2,0.0,,,
ZBRA,2025Q3,0.0,,,
ZTS,2023Q1,0.0,,,
ZTS,2023Q2,0.0,,,
ZTS,2023Q3,0.0,,,
ZTS,2023Q4,0.0,,,
ZTS,2024Q1,0.0,,,
ZTS,2024Q2,0.0,,,
ZTS,2024Q3,0.0,,,
ZTS,2024Q4,0.0,,,
ZTS,2025Q1,0.0,,,
ZTS,2025Q2,0.0,,,
ZTS,2025Q3,0.0,,,
